coffee_id,Farm_Name,Country_of_Origin,Region,Aroma,Flavor,Aftertaste,Acidity,Body,Balance,Uniformity,Clean_Cup,Sweetness,Total_Cup_Points,classe
#647123,san francisco cotzal,Guatemala,quiche,7.83,7.92,7.75,8.0,7.75,7.75,10.0,10.0,10.0,84.92,Muito Bom
#927000,San jose del lago,Guatemala,Atitlán,7.58,7.83,7.58,7.75,7.67,7.75,10.0,10.0,10.0,83.92,Muito Bom
#902618,varias fincas,Guatemala,Oriente Santa rosa,7.67,7.83,7.67,7.83,7.75,7.67,10.0,10.0,10.0,84.08,Muito Bom
#781706,San jose del lago,Guatemala,Atitlán,7.58,7.92,7.67,7.75,7.83,7.75,10.0,10.0,10.0,84.25,Muito Bom
#237025,Finca Alta Luz,Guatemala,Huehuetenango,7.67,7.83,7.75,7.75,7.83,7.75,10.0,10.0,10.0,84.33,Muito Bom
#932904,varias fincas,Guatemala,Sierra de las minas,7.67,7.92,7.67,7.75,7.67,7.58,10.0,10.0,10.0,84.0,Muito Bom
#614786,PEÑA BLANCA,Guatemala,Santa Rosa,7.67,8.0,7.75,7.92,8.0,7.83,10.0,10.0,10.0,85.0,Excelente
#975481,Varias Fincas,Guatemala,Huehuetenango,7.67,8.0,7.67,7.83,7.92,7.67,10.0,10.0,10.0,84.67,Muito Bom
#938229,varias fincas,Guatemala,Antigua,7.67,8.08,7.67,8.0,7.92,7.83,10.0,10.0,10.0,85.0,Excelente
#797284,Fina las Rosas,Guatemala,Huehuetenango,7.67,7.92,7.67,7.75,7.75,7.75,10.0,10.0,10.0,84.25,Muito Bom
#300191,Fazenda Recreio,Brazil,Região Vulcânica,7.83,8.08,7.83,7.92,8.0,7.83,10.0,10.0,10.0,85.5,Excelente
#914711,Fazenda Conquista e Capoeirinha,Brazil,Sul de Minas,7.58,7.5,7.5,7.83,7.67,7.5,10.0,10.0,10.0,83.25,Muito Bom
#319783,Fazenda Conquista,Brazil,Sul de Minas,7.17,7.17,6.92,7.17,7.42,7.17,10.0,10.0,10.0,80.08,Muito Bom
#421693,Bethel,Honduras,los planes de santa maria la paz,7.67,7.58,7.33,7.5,7.58,7.5,10.0,10.0,10.0,82.67,Muito Bom
#102399,Bethel,Honduras,"Los Planes de Santa Maria, La Paz",7.75,7.58,7.58,7.58,7.58,7.5,10.0,10.0,10.0,83.08,Muito Bom
#915144,Varias,Honduras,Marcala,7.67,7.58,7.5,7.5,7.58,7.5,10.0,10.0,10.0,82.83,Muito Bom
#442273,varias,Honduras,Marcala,7.75,7.58,7.58,7.58,7.5,7.58,10.0,10.0,10.0,83.25,Muito Bom
#183019,varias,Honduras,Marcala,7.75,7.67,7.58,7.58,7.58,7.67,10.0,10.0,10.0,83.5,Muito Bom
#176177,La Cuchilla,Honduras,"Centro, Lagunetillas-Ajuterique, Comayagua",7.75,7.75,7.58,7.83,7.75,7.75,10.0,10.0,10.0,84.17,Muito Bom
#748155,La Cuchilla,Honduras,"Centro, Lagunetillas-Ajuterique, Comayagua",7.83,7.92,7.75,7.75,7.75,7.75,10.0,10.0,10.0,84.5,Muito Bom
#858598,N / A,Colombia,Cauca,7.92,7.75,7.42,7.58,7.92,7.67,10.0,10.0,10.0,83.83,Muito Bom
#329719,La fortaleza,Colombia,Popayán Cauca,7.75,7.75,7.5,7.58,7.83,7.5,10.0,10.0,10.0,83.5,Muito Bom
#449544,EL PRADO,Colombia,HUILA,8.0,7.67,7.42,7.58,7.58,7.42,10.0,10.0,10.0,83.0,Muito Bom
#882894,Huila,Colombia,Huila,7.75,7.67,7.67,7.75,7.75,7.75,10.0,10.0,10.0,84.08,Muito Bom
#208327,Gaia Farms,Vietnam,Lam Dong Province,7.5,7.5,7.25,7.42,7.42,7.42,10.0,10.0,10.0,81.83,Muito Bom
#274853,,Colombia,,7.83,7.75,7.5,7.58,7.67,7.67,10.0,10.0,10.0,83.67,Muito Bom
#829408,"Rosario de Maria II, Area de Loma Alta",El Salvador,"Volcan Chinchontepek, San Vicente, El Salvador",7.42,7.33,7.33,7.5,7.08,7.0,10.0,10.0,10.0,80.83,Muito Bom
#181854,"Rosario de Maria II, Area de Menjivar",El Salvador,"Volcan Chinchontepek, San Vicente, El Salvador",7.08,7.25,7.08,7.42,7.42,7.08,10.0,10.0,10.0,80.33,Muito Bom
#322731,Agua Caliente,El Salvador,Apaneca - Ilamatepec,7.33,7.67,7.25,7.67,7.83,7.42,10.0,10.0,10.0,82.33,Muito Bom
#112317,Agua Caliente,El Salvador,Apaneca - Ilamatepec,7.5,7.5,7.42,7.42,7.42,7.67,10.0,10.0,10.0,82.33,Muito Bom
#840458,Agua Caliente,El Salvador,Apaneca - Ilamatepec,7.67,7.33,7.17,7.67,7.83,7.5,10.0,10.0,10.0,82.5,Muito Bom
#955194,Mandroso,Madagascar,Itasy,7.92,7.92,7.58,7.75,7.58,7.67,10.0,10.0,10.0,84.25,Muito Bom
#847918,Wahana Graha Makmur,Indonesia,Sumatra,7.67,7.33,7.25,7.67,7.42,7.25,10.0,10.0,10.0,82.0,Muito Bom
#119514,COO,Colombia,Huila,7.67,7.83,7.58,7.92,7.67,7.67,10.0,10.0,10.0,84.0,Muito Bom
#350205,PT Indo CafCo North Sumatera,Indonesia,Aceh Tengah,7.83,7.92,7.75,7.83,7.83,7.83,10.0,10.0,10.0,84.83,Muito Bom
#617945,東璧咖啡莊園,Taiwan,"Shibi, Gukeng Township, Yunlin County 郵遞區號 , Taiwan (R.O.C.)",8.0,8.17,8.0,7.92,7.92,7.92,10.0,10.0,10.0,86.08,Excelente
#356700,永舜咖啡莊園,Taiwan,"Caoling , Gukeng Township, Yunlin County",7.67,7.67,7.75,7.75,7.5,7.67,10.0,10.0,10.0,83.67,Muito Bom
#814850,櫻桃果古坑咖啡莊園,Taiwan,"Gukeng Township, Yunlin County",8.08,8.17,7.75,7.92,7.83,8.0,10.0,10.0,10.0,85.92,Excelente
#259403,皇庭咖啡莊園,Taiwan,"Caoling , Gukeng Township, Yunlin County",7.75,7.92,7.75,8.0,7.83,7.92,10.0,10.0,10.0,85.17,Excelente
#409732,TRACON TRADING PLC,Ethiopia,Ethiopia,7.92,7.83,7.75,7.92,7.58,7.67,10.0,10.0,10.0,84.5,Muito Bom
#280845,嵩岳咖啡莊園,Taiwan,"Shibi, Gukeng Township, Yunlin County 郵遞區號 , Taiwan (R.O.C.)",7.67,7.5,7.42,7.75,7.42,7.58,10.0,10.0,10.0,82.92,Muito Bom
#994915,La Santa,Panama,Boquete,7.83,7.83,7.75,7.92,7.83,7.75,10.0,10.0,10.0,84.75,Muito Bom
#594815,San Diego Mill,Costa Rica,Corralillo Tarrazu,7.42,7.42,7.42,7.33,7.58,7.33,10.0,10.0,10.0,82.0,Muito Bom
#793199,HACIENDA SAN IGNACIO,Costa Rica,occidente,7.33,7.42,7.25,7.42,7.42,7.33,10.0,10.0,10.0,81.58,Muito Bom
#444508,Gamboa Farm,Costa Rica,Tarrazu,7.58,7.83,7.5,7.67,7.83,7.67,10.0,10.0,10.0,84.67,Muito Bom
#191702,Gamboa Farm,Costa Rica,Tarrazu,7.58,7.75,7.42,7.67,7.5,7.75,10.0,10.0,10.0,83.33,Muito Bom
#820121,Gamboa Farm,Costa Rica,Tarrazu,7.67,7.92,7.58,7.75,7.67,7.58,10.0,10.0,10.0,83.92,Muito Bom
#777610,IYENGA,"Tanzania, United Republic Of",Mbeya,7.92,7.75,7.75,7.92,7.83,7.83,10.0,10.0,10.0,84.83,Muito Bom
#605124,MASHIMA AMCOS,"Tanzania, United Republic Of",KILIMANJARO,7.75,7.58,7.58,7.92,7.67,7.75,10.0,10.0,10.0,84.0,Muito Bom
#170699,MASHIMA AMCOS,"Tanzania, United Republic Of",KILIMANJARO,8.08,8.17,8.08,8.17,8.0,8.0,10.0,10.0,10.0,86.5,Excelente
#431038,MASHIMA AMCOS,"Tanzania, United Republic Of",KILIMANJARO,7.92,7.67,7.42,7.5,7.67,7.58,10.0,10.0,10.0,83.25,Muito Bom
#778301,KONGONI ESTATE,"Tanzania, United Republic Of",ARUSHA,7.58,7.67,7.75,7.75,7.75,7.75,10.0,10.0,10.0,84.0,Muito Bom
#346202,BURKA,"Tanzania, United Republic Of",Arusha,8.17,8.0,7.92,7.92,8.17,7.75,10.0,10.0,10.0,85.83,Excelente
#387213,Small Holder,Kenya,Central,8.17,7.75,7.83,7.58,7.92,8.0,10.0,10.0,10.0,85.25,Excelente
#656708,Gerbicho Lela Cooperative,Ethiopia,Sidama,7.83,7.67,7.5,7.92,7.5,7.67,10.0,10.0,10.0,83.83,Muito Bom
164,"puer jiangcheng fuwang coffee biotechnology co., ltd",China,yunnan,7.67,8.0,7.75,7.83,7.75,7.58,10.0,10.0,10.0,84.5,Muito Bom
978,"irisan, baguio",Philippines,corillera administrative,7.25,7.25,7.25,7.08,7.58,7.5,10.0,10.0,10.0,81.17,Muito Bom
957,bacofa,Philippines,"davao city, region 11",7.08,7.33,7.42,7.33,7.33,7.5,10.0,10.0,10.0,81.33,Muito Bom
990,,United States,central america,7.42,7.17,7.33,7.42,7.25,7.33,10.0,10.0,10.0,81.08,Muito Bom
662,finca san el retiro,Mexico,chiapas,7.42,7.58,7.5,7.67,7.25,7.5,10.0,10.0,10.0,82.5,Muito Bom
49,kianjavi,Kenya,kiambu,7.92,8.17,7.83,8.5,7.5,7.92,10.0,10.0,10.0,86.0,Excelente
769,,Mexico,"la concordia, chiapas",7.5,7.5,7.33,7.42,7.5,7.42,10.0,10.0,10.0,82.17,Muito Bom
64,finca la esmeralda,El Salvador,"ataco, apaneca - ilamatepec mountain range",7.83,8.0,8.0,7.75,7.92,8.17,10.0,10.0,10.0,85.58,Excelente
251,,Ethiopia,sidamo,7.75,7.75,7.5,7.58,7.67,7.92,10.0,10.0,10.0,84.0,Muito Bom
1156,genuine antigua medina,Guatemala,antigua,7.58,7.33,7.5,7.33,7.0,7.33,9.33,9.33,9.33,79.75,Bom
824,mubuyu munali,Zambia,mubuyu estate,7.67,7.08,7.42,7.33,7.75,7.42,10.0,10.0,10.0,81.92,Muito Bom
48,ecobio colombia,Colombia,tolima,7.75,7.92,7.83,8.08,8.08,8.17,10.0,10.0,10.0,86.0,Excelente
237,aprocafi,Guatemala,"aldea xeucalvitz, ixil region, quiche department",7.58,7.75,7.67,8.0,7.75,7.67,10.0,10.0,10.0,84.08,Muito Bom
155,la chaparral,Costa Rica,tres rios,7.75,7.83,7.75,8.0,7.83,7.67,10.0,10.0,10.0,84.58,Muito Bom
1082,finca la fany,El Salvador,"department of ahuachapan, municipality of apanecallamatepec mountain",7.33,7.17,7.08,7.08,7.33,7.17,10.0,10.0,10.0,80.42,Muito Bom
31,,Nicaragua,,7.92,8.25,8.0,8.33,8.0,8.08,10.0,10.0,10.0,86.58,Excelente
104,kassandra,Mexico,mexico,7.92,8.17,7.75,8.08,7.42,7.83,10.0,10.0,10.0,85.0,Excelente
631,kassandra,Mexico,mexico,7.75,7.58,7.25,7.75,7.67,7.58,10.0,10.0,10.0,82.67,Muito Bom
750,,El Salvador,,7.75,7.33,7.33,7.5,7.5,7.5,10.0,10.0,10.0,82.25,Muito Bom
624,,El Salvador,,7.92,8.0,7.5,6.75,7.92,7.58,10.0,10.0,9.33,82.67,Muito Bom
674,,Guatemala,huehuetenango,7.75,7.58,7.67,7.67,7.58,7.58,9.33,10.0,10.0,82.5,Muito Bom
646,,Guatemala,,7.5,7.58,7.42,7.58,7.42,7.58,10.0,10.0,10.0,82.58,Muito Bom
691,,Honduras,,7.25,7.67,7.42,7.17,7.75,7.5,10.0,10.0,10.0,82.42,Muito Bom
1189,,Costa Rica,san rafael,7.17,7.42,7.5,8.0,7.25,7.83,10.0,10.0,6.67,79.17,Bom
675,carrillo cooperativa,Honduras,"comayagua, honduras",7.42,7.67,7.17,7.58,7.58,7.5,10.0,10.0,10.0,82.42,Muito Bom
825,,Honduras,,7.42,7.33,7.33,7.58,7.33,7.5,10.0,10.0,10.0,81.92,Muito Bom
549,,Guatemala,,7.58,7.58,7.25,7.58,7.58,7.58,10.0,10.0,10.0,82.92,Muito Bom
135,,Costa Rica,,8.08,7.83,7.75,7.83,7.92,8.0,10.0,10.0,9.33,84.67,Muito Bom
1178,cnra station of divo,Cote d?Ivoire,cnra station of divo,7.42,7.25,6.83,7.0,7.33,7.08,9.33,10.0,10.0,79.33,Bom
91,aricha coop,Ethiopia,aricha,8.42,8.0,7.42,8.0,7.92,7.92,9.33,10.0,10.0,85.08,Excelente
413,sogestal kayanza,Burundi,kayanza,7.75,7.67,7.33,7.5,7.5,7.75,10.0,10.0,10.0,83.33,Muito Bom
240,,Ethiopia,"ethiopia, sidamo",7.92,7.92,7.83,8.0,7.92,7.92,10.0,10.0,8.67,84.08,Muito Bom
1270,1,Indonesia,indonesia,7.33,7.0,6.5,6.08,7.58,6.33,9.33,10.0,9.33,76.17,Bom
1169,la igualdad,Guatemala,"chuva, san marcos",7.08,7.0,6.83,7.33,7.25,7.0,10.0,10.0,10.0,79.58,Bom
106,la igualdad,Guatemala,"chuva, san marcos",7.83,8.08,7.67,8.0,7.75,7.67,10.0,10.0,10.0,85.0,Excelente
1024,,Nicaragua,matagalpa,7.33,7.08,7.25,7.0,7.5,7.42,10.0,10.0,10.0,80.92,Muito Bom
224,,Guatemala,,7.67,7.75,7.67,7.75,7.75,7.75,10.0,10.0,10.0,84.17,Muito Bom
823,,Nicaragua,,7.58,7.42,7.25,7.17,7.5,7.67,10.0,10.0,10.0,81.92,Muito Bom
496,,Guatemala,,7.92,7.67,7.67,7.25,7.83,7.67,9.33,10.0,10.0,83.08,Muito Bom
882,,Indonesia,bener meriah,7.17,7.42,7.33,7.42,7.33,7.42,10.0,10.0,10.0,81.67,Muito Bom
1149,,Peru,huanuco,7.0,7.08,7.0,7.25,7.5,7.42,9.33,10.0,10.0,79.75,Bom
688,,Peru,peru,7.58,7.58,7.58,7.75,7.5,7.58,9.33,10.0,10.0,82.42,Muito Bom
944,,Peru,puno,7.42,7.42,7.17,7.33,7.42,7.42,10.0,10.0,10.0,81.42,Muito Bom
645,,Mexico,veracruz,7.58,7.58,7.42,7.75,7.67,7.67,9.33,10.0,10.0,82.58,Muito Bom
719,,Mexico,veracruz,7.33,7.58,7.42,7.5,7.5,7.5,10.0,10.0,10.0,82.33,Muito Bom
61,,Peru,cajamarca,8.0,8.0,8.0,8.08,7.92,7.75,10.0,10.0,10.0,85.75,Excelente
885,,Mexico,veracruz,7.42,7.42,7.67,8.0,7.58,7.5,9.33,9.33,10.0,81.67,Muito Bom
408,,Peru,,7.83,7.75,7.58,7.83,7.92,7.58,9.33,10.0,10.0,83.33,Muito Bom
287,finca el trueno,Ecuador,"province of manabi, ecuador",7.5,7.67,7.58,7.75,7.83,7.83,10.0,10.0,10.0,83.83,Muito Bom
808,café do paraíso,Brazil,"minas gerais, br",7.33,7.67,7.42,7.17,7.33,7.42,10.0,10.0,10.0,82.0,Muito Bom
226,café do paraíso,Brazil,"minas gerais, br",7.58,7.83,7.75,7.67,7.67,8.0,10.0,10.0,10.0,84.17,Muito Bom
323,,Colombia,huila,7.5,7.75,7.5,7.75,7.67,7.67,10.0,10.0,10.0,83.67,Muito Bom
835,estate la patricia,Costa Rica,tarrazu,7.25,7.33,7.5,7.33,7.67,7.42,10.0,10.0,10.0,81.83,Muito Bom
99,estate la patricia,Costa Rica,tarrazu,7.83,8.0,7.58,7.92,7.92,7.83,10.0,10.0,10.0,85.0,Excelente
418,estate la patricia,Costa Rica,tarrazu,7.5,7.5,7.83,7.5,7.67,7.67,10.0,10.0,10.0,83.25,Muito Bom
1273,various,Philippines,"benguet, mountain province",6.83,6.5,6.5,6.92,6.75,7.0,9.33,10.0,9.33,75.83,Bom
1098,waylead farms,Myanmar,"yauk sauk, shan state",8.0,7.08,7.0,7.33,7.08,6.92,10.0,10.0,10.0,80.25,Muito Bom
373,conquista / morito,Guatemala,oriente,7.5,7.5,7.75,7.5,8.0,7.67,10.0,10.0,10.0,83.5,Muito Bom
474,conquista / morito,Guatemala,oriente,7.75,7.5,7.67,7.5,7.92,8.0,10.0,10.0,9.33,83.17,Muito Bom
814,conquista / morito,Guatemala,oriente,7.75,7.33,7.33,7.42,7.75,7.67,10.0,10.0,9.33,82.0,Muito Bom
176,tropica galliard,Taiwan,"mountain ali, taiwan",7.83,7.83,7.75,8.0,7.5,7.75,10.0,10.0,10.0,84.42,Muito Bom
943,various,Mexico,siltepec el triunfo,7.67,7.33,7.25,7.17,7.25,7.42,10.0,10.0,10.0,81.42,Muito Bom
1295,various,Mexico,sierra alta mixe y zapoteca,7.08,7.08,6.92,7.08,6.92,6.92,8.0,8.0,8.0,72.92,Bom
1222,various,Mexico,"sierra, chiapas",7.25,6.75,6.92,6.92,7.25,7.58,9.33,9.33,10.0,78.5,Bom
850,various,Mexico,"siltepec el triunfo, chiapas, mexico",7.42,7.42,7.25,7.5,7.33,7.42,10.0,10.0,10.0,81.83,Muito Bom
1302,various,Mexico,"sierra norte yajalon, chiapas",6.92,7.0,6.83,6.92,7.42,6.92,6.0,6.0,10.0,70.75,Bom
1125,various,Mexico,"sierra fraylesca, chiapas",7.58,7.75,7.42,7.5,7.5,7.5,8.67,8.67,10.0,80.0,Muito Bom
1243,,Colombia,,7.42,7.17,7.0,7.17,7.67,7.17,8.67,9.33,9.33,78.0,Bom
241,,Costa Rica,,7.58,7.75,7.67,7.75,7.83,7.75,10.0,10.0,10.0,84.0,Muito Bom
543,fiech (mixed producers),Mexico,chiapas,7.75,7.67,7.42,7.42,7.75,7.5,10.0,10.0,10.0,82.92,Muito Bom
1260,"producer group (approx. 1,000 farmers)",Peru,san ignacio,7.42,7.75,7.42,7.67,7.92,7.83,8.67,5.33,9.33,77.0,Bom
785,,Colombia,,7.5,7.42,7.42,7.42,7.67,7.42,10.0,10.0,10.0,82.08,Muito Bom
1248,,Brazil,,7.0,6.75,6.67,6.83,7.08,6.83,10.0,10.0,10.0,77.83,Bom
863,,Brazil,,7.17,7.25,7.17,7.25,7.42,8.25,10.0,10.0,10.0,81.75,Muito Bom
458,unkown,Colombia,,7.58,7.75,7.5,7.58,7.58,7.58,10.0,10.0,10.0,83.17,Muito Bom
1194,hacienda caracolillo,United States (Puerto Rico),yauco region,7.42,7.08,6.75,7.33,7.33,6.92,10.0,9.33,10.0,79.08,Bom
510,hacienda caracolillo,United States (Puerto Rico),yauco region,7.67,7.5,7.67,7.83,7.75,7.83,10.0,10.0,9.33,83.0,Muito Bom
304,hacienda caracolillo,United States (Puerto Rico),yauco region,7.83,7.83,7.83,7.67,8.0,8.17,9.33,9.33,10.0,83.75,Muito Bom
993,hacienda caracolillo,United States (Puerto Rico),yauco region,7.67,7.75,7.67,7.58,7.58,7.67,6.67,10.0,10.0,81.08,Muito Bom
962,fazendas klem ltda,Brazil,matas de minas        ,7.5,7.58,7.5,7.5,7.75,7.83,9.33,9.33,9.33,81.33,Muito Bom
735,fazendas klem ltda,Brazil,brazil matas de minas,7.58,7.5,7.25,7.42,7.67,7.33,10.0,10.0,10.0,82.25,Muito Bom
1213,alicia's farm,China,yunnan,7.0,6.92,6.83,7.17,7.17,7.17,10.0,10.0,9.33,78.67,Bom
1083,alicia's farm,China,yunnan,7.25,7.08,7.25,7.17,7.33,7.17,10.0,10.0,10.0,80.42,Muito Bom
115,,Kenya,,8.0,7.67,7.83,8.17,7.92,7.75,10.0,10.0,10.0,84.92,Muito Bom
988,fazenda são josé mirante,Brazil,alta paulista (sao paulo),7.58,7.42,7.5,7.25,7.75,7.58,9.33,10.0,9.33,81.08,Muito Bom
726,,Costa Rica,central valley,7.92,7.58,7.25,7.75,7.92,7.58,9.33,9.33,10.0,82.33,Muito Bom
564,gicumbi,Rwanda,gicumbi,7.83,7.92,7.75,7.83,7.75,7.75,9.33,9.33,9.33,82.83,Muito Bom
1238,,United States (Hawaii),kona,7.58,7.33,7.5,7.42,7.5,7.33,8.0,8.67,9.33,78.0,Bom
1258,,United States (Hawaii),kona,7.08,6.92,6.83,6.67,7.58,7.42,8.67,9.33,10.0,77.25,Bom
1132,,United States (Hawaii),kona,7.5,7.0,7.0,6.92,7.33,7.17,10.0,10.0,10.0,79.92,Bom
1019,,United States (Hawaii),kona,7.42,7.08,7.17,7.17,7.58,7.25,10.0,10.0,10.0,80.92,Muito Bom
1268,,United States (Hawaii),kona,7.5,7.33,7.33,7.58,7.67,7.25,8.0,8.0,8.0,76.17,Bom
406,,United States (Hawaii),kona,7.83,7.58,7.83,7.67,7.92,8.0,9.33,10.0,9.33,83.33,Muito Bom
92,,United States (Hawaii),kona,7.58,7.83,7.83,7.92,7.83,8.17,10.0,10.0,10.0,85.08,Excelente
1267,,United States (Hawaii),kona,7.25,7.08,6.83,7.17,7.33,6.83,8.67,8.67,9.33,76.25,Bom
462,,United States (Hawaii),kona,7.5,7.5,7.58,7.42,7.92,7.67,10.0,10.0,10.0,83.17,Muito Bom
597,,United States (Hawaii),kona,7.67,7.58,7.42,7.83,7.33,7.5,10.0,10.0,10.0,82.75,Muito Bom
1227,,United States (Hawaii),kona,7.5,7.75,7.58,7.83,7.92,7.92,7.33,8.0,8.67,78.33,Bom
598,,United States (Hawaii),kona,7.58,7.83,7.75,7.75,7.42,8.0,9.33,9.33,10.0,82.75,Muito Bom
1101,,United States (Hawaii),kona,7.5,7.08,7.67,7.67,7.42,7.58,9.33,9.33,9.33,80.25,Muito Bom
487,,United States (Hawaii),kona,7.33,7.75,7.58,7.33,7.83,7.67,10.0,10.0,10.0,83.08,Muito Bom
1297,,United States (Hawaii),kona,6.92,6.92,6.92,7.5,7.58,7.17,6.67,6.67,9.33,72.58,Bom
1077,,United States (Hawaii),kona,7.42,7.33,7.33,7.58,7.58,7.42,8.67,10.0,10.0,80.5,Muito Bom
1208,,United States (Hawaii),kona,7.5,6.92,6.92,7.25,7.58,7.42,9.33,9.33,9.33,78.75,Bom
1287,,United States (Hawaii),kona,7.5,7.25,7.0,7.25,7.42,7.33,8.0,8.67,6.67,74.42,Bom
1232,,United States (Hawaii),kona,7.5,7.5,7.33,7.58,7.5,7.42,8.67,8.67,8.67,78.25,Bom
713,rio verde,Brazil,south of minas,8.25,7.83,7.25,8.33,8.17,8.08,10.0,6.67,10.0,82.33,Muito Bom
252,fazenda rio verde,Brazil,south of minas,7.58,7.83,7.67,7.25,8.0,7.75,10.0,10.0,10.0,84.0,Muito Bom
717,rio verde,Brazil,south of minas,7.75,8.08,7.67,8.08,8.08,8.0,10.0,10.0,6.67,82.33,Muito Bom
881,rio verde,Brazil,south of minas,7.25,7.42,7.25,7.5,7.5,7.42,10.0,10.0,10.0,81.67,Muito Bom
663,fazenda rio verde,Brazil,south of minas,7.42,7.5,7.67,7.33,7.42,7.67,10.0,10.0,10.0,82.5,Muito Bom
1064,rio verde,Brazil,south of minas,7.42,7.25,7.33,7.0,7.08,7.25,10.0,10.0,10.0,80.58,Muito Bom
1023,rio verde,Brazil,south of minas,7.17,7.42,7.17,7.25,7.25,7.33,10.0,10.0,10.0,80.92,Muito Bom
400,rio verde,Brazil,south of minas,7.5,7.83,7.33,7.58,7.58,7.92,10.0,10.0,10.0,83.33,Muito Bom
742,rio verde,Brazil,south of minas,7.75,7.58,7.42,7.42,7.33,7.33,10.0,10.0,10.0,82.25,Muito Bom
941,rio verde,Brazil,south of minas,7.25,7.5,7.42,7.17,7.33,7.33,10.0,10.0,10.0,81.42,Muito Bom
689,fazenda rio verde,Brazil,south of minas,7.25,7.33,7.25,7.5,7.42,7.5,10.0,10.0,10.0,82.42,Muito Bom
283,rio verde,Brazil,south of minas,7.67,7.67,7.58,7.5,7.83,8.17,10.0,10.0,9.33,83.83,Muito Bom
286,fazenda rio verde,Brazil,south of minas,7.92,7.5,7.33,7.67,8.17,7.5,10.0,10.0,10.0,83.83,Muito Bom
485,rio verde,Brazil,south of minas,7.58,7.83,7.67,7.42,7.42,7.5,10.0,10.0,10.0,83.08,Muito Bom
848,rio verde,Brazil,south of minas,7.33,7.58,7.25,7.17,7.83,7.33,10.0,10.0,10.0,81.83,Muito Bom
1261,,India,chickmangalore,7.67,7.33,7.17,6.67,7.17,7.42,9.33,10.0,6.67,76.83,Bom
569,"kampung keling, jumaraj, gurusinga, gongsol",United States,berastagi,7.42,7.58,7.25,7.5,7.75,7.75,10.0,10.0,10.0,82.83,Muito Bom
606,hacienda la esmeralda,Panama,boquete,7.42,7.42,7.5,7.58,7.5,7.75,10.0,10.0,10.0,82.75,Muito Bom
261,saveg coffee farm,Thailand,chiangrai,7.67,7.75,7.5,7.67,7.67,7.83,10.0,10.0,10.0,83.92,Muito Bom
409,marre blanche,Haiti,"thiotte, haiti",7.58,7.5,7.67,7.5,7.83,7.42,10.0,10.0,10.0,83.33,Muito Bom
1240,hani,China,yunnan,7.33,7.17,6.92,7.08,7.33,7.0,9.33,9.33,9.33,78.0,Bom
1051,darmawi,Indonesia,sumatra brastagi,7.58,7.42,7.0,7.67,7.5,7.5,9.33,9.33,10.0,80.67,Muito Bom
173,darmawi,Indonesia,sumatra brastagi,7.67,7.67,7.83,7.58,7.83,7.83,10.0,10.0,10.0,84.42,Muito Bom
837,mudar,Indonesia,bali,7.75,7.83,7.58,7.75,7.92,7.83,10.0,10.0,10.0,81.83,Muito Bom
359,yusrin,Indonesia,bener meriah,7.25,7.67,7.58,7.92,7.83,7.58,10.0,10.0,10.0,83.5,Muito Bom
1117,,Nicaragua,,7.25,7.17,6.92,7.25,7.17,7.25,10.0,10.0,10.0,80.08,Muito Bom
1102,,Colombia,,7.42,8.0,7.83,7.75,8.08,7.58,8.67,8.67,8.67,80.25,Muito Bom
1296,,Colombia,,8.0,7.33,7.75,7.33,7.42,7.67,6.67,6.67,6.67,72.83,Bom
1192,various,Mexico,"pluma hidalogo, oaxaca",6.75,6.75,6.83,7.25,7.58,7.08,10.0,10.0,10.0,79.17,Bom
1262,various,Mexico,"pluma hidalogo, oaxaca",6.67,6.33,6.42,6.83,7.0,6.92,10.0,10.0,10.0,76.75,Bom
143,,Peru,"penachi, cecanor",7.67,7.83,7.75,7.75,7.92,7.83,10.0,10.0,10.0,84.67,Muito Bom
190,,Ethiopia,limu,7.75,7.75,7.92,7.75,7.5,7.92,10.0,10.0,10.0,84.33,Muito Bom
910,,Costa Rica,tarrazu,7.25,7.17,7.33,7.33,7.5,7.75,10.0,10.0,10.0,81.58,Muito Bom
41,co-op #12,Thailand,chiang rai,7.83,8.33,7.83,8.25,7.58,7.92,10.0,10.0,10.0,86.17,Excelente
541,"several, bukidnon, mindanao, philippines",Philippines,asia pacific,8.08,7.5,7.67,7.42,7.33,7.5,10.0,10.0,10.0,82.92,Muito Bom
629,la canada,Colombia,52 narino (exact location: mattituy; municipal region: florida code 381,7.33,7.58,7.42,7.42,7.67,7.67,10.0,10.0,10.0,82.67,Muito Bom
503,apollo estate,Vietnam,vietnam cau dat,7.75,7.67,7.58,7.58,7.42,7.67,9.33,10.0,10.0,83.0,Muito Bom
445,apollo estate,Vietnam,dala,7.58,7.42,7.08,7.33,7.58,8.58,10.0,10.0,10.0,83.17,Muito Bom
565,apollo estate,Vietnam,vietnam tutra,7.25,7.58,7.5,7.42,7.75,7.42,10.0,10.0,10.0,82.83,Muito Bom
861,apollo estate,Vietnam,vietnam,7.0,7.08,7.33,7.5,7.5,7.33,10.0,10.0,10.0,81.75,Muito Bom
1106,apollo estate,Vietnam,dala,7.42,7.25,7.25,7.58,7.42,7.33,8.67,10.0,10.0,80.17,Muito Bom
555,"apollo co., ltd.",Vietnam,don duong,7.67,7.33,7.17,7.58,8.08,7.42,10.0,10.0,10.0,82.92,Muito Bom
791,"apollo co., ltd.",Vietnam,don duong,7.67,8.0,7.17,7.08,7.67,7.08,10.0,10.0,10.0,82.08,Muito Bom
1104,several,Guatemala,oriente,7.0,7.17,7.33,7.33,7.0,7.17,10.0,10.0,10.0,80.25,Muito Bom
774,,Guatemala,oriente,7.25,7.75,7.0,7.75,8.17,7.75,10.0,10.0,9.33,82.17,Muito Bom
311,several farms,Guatemala,quetzaltenango,7.67,7.58,7.58,7.67,7.75,7.75,10.0,10.0,10.0,83.75,Muito Bom
330,finca quequesquez,Guatemala,oriente,8.17,8.17,7.83,7.67,8.08,7.75,9.33,9.33,9.33,83.67,Muito Bom
88,coop. hoja blanca - fedecocagua,Guatemala,huehuetenango,8.25,8.0,7.67,7.92,7.75,7.67,10.0,10.0,10.0,85.17,Excelente
1046,several,Costa Rica,san ramon,7.33,7.33,7.25,7.25,7.17,7.17,10.0,10.0,10.0,80.75,Muito Bom
1179,several,Colombia,pereira,7.42,7.25,6.75,7.25,7.42,7.25,9.33,9.33,10.0,79.33,Bom
984,finca quequesquez,Guatemala,oriente,7.42,7.25,7.33,7.25,7.25,7.42,10.0,10.0,10.0,81.17,Muito Bom
405,several,Costa Rica,san ramon,7.67,7.67,7.42,7.67,7.67,7.67,10.0,10.0,10.0,83.33,Muito Bom
22,several,Costa Rica,san ramon,8.08,8.25,8.0,8.17,8.0,8.33,10.0,10.0,10.0,87.17,Excelente
1150,several,Costa Rica,brunca,7.58,7.5,7.67,7.75,7.67,7.58,8.0,8.0,10.0,79.75,Bom
124,several,El Salvador,santa ana,7.75,8.0,8.0,8.33,7.67,7.92,10.0,10.0,9.33,84.75,Muito Bom
79,several,Costa Rica,san ramon,8.0,7.58,7.58,7.67,8.08,8.5,10.0,10.0,10.0,85.33,Excelente
191,las minas,Guatemala,nuevo oriente,7.5,7.67,7.75,7.67,7.92,7.92,10.0,10.0,10.0,84.33,Muito Bom
477,several,El Salvador,santa ana,7.42,7.83,8.17,8.08,7.17,7.58,10.0,9.33,10.0,83.17,Muito Bom
578,several farms,El Salvador,santa ana,7.75,7.58,7.75,7.75,7.25,7.5,10.0,10.0,10.0,82.83,Muito Bom
78,several,Costa Rica,west valley,7.92,8.08,8.0,7.92,8.0,8.08,10.0,10.0,9.33,85.33,Excelente
1048,2000 farms,Haiti,haiti,7.42,7.0,7.42,7.25,7.08,7.33,10.0,10.0,10.0,80.75,Muito Bom
1298,2000 farmers,Haiti,marmelade,6.92,6.75,7.08,7.17,7.33,6.67,10.0,5.33,8.67,72.33,Bom
1308,200 farms,Haiti,"department d'artibonite , haiti",6.75,6.58,6.42,6.67,7.08,6.67,9.33,6.0,6.0,67.92,Bom
922,mixed,Haiti,"dondon, haiti",7.42,7.33,7.25,7.42,7.42,7.33,10.0,10.0,10.0,81.5,Muito Bom
1257,mixed,Haiti,"dondon, haiti",6.83,6.83,6.83,6.75,6.92,6.92,9.33,10.0,10.0,77.25,Bom
17,toarco jaya,Indonesia,sulawesi,8.33,8.25,7.83,7.75,8.5,8.42,10.0,10.0,10.0,87.42,Excelente
125,santa martha,Nicaragua,jinotega,7.83,7.58,7.58,7.83,7.75,7.67,10.0,10.0,10.0,84.75,Muito Bom
75,sierra nevada,El Salvador,apaneca,8.08,7.83,7.83,8.08,7.83,7.83,10.0,10.0,10.0,85.42,Excelente
14,arianna farms,United States (Hawaii),kona,8.33,8.42,8.08,8.25,8.25,8.0,10.0,10.0,10.0,87.92,Excelente
396,,Mexico,nayarit,7.25,7.88,7.38,7.63,7.5,8.75,9.0,10.0,10.0,83.38,Muito Bom
532,santa rosa,Nicaragua,matagalpa,7.58,7.83,7.75,7.92,7.92,8.08,9.33,9.33,9.33,83.0,Muito Bom
3,"san marcos barrancas ""san cristobal cuch",Guatemala,,8.42,8.5,8.42,8.42,8.33,8.42,10.0,10.0,10.0,89.75,Excelente
52,hula daddy kona coffee,United States (Hawaii),kona,8.33,8.17,7.75,8.0,7.75,7.83,10.0,10.0,10.0,86.0,Excelente
1076,pereira estate coffee,Brazil,mantiqueira de minas,7.42,7.42,7.08,7.33,7.67,7.5,9.33,9.33,10.0,80.5,Muito Bom
42,pereira estate coffee,Brazil,sul de minas - carmo de minas,8.17,7.92,7.92,7.75,8.33,8.0,10.0,10.0,10.0,86.17,Excelente
43,pereira estate coffee,Brazil,sul de minas - carmo de minas,8.42,7.92,8.0,7.75,7.92,8.0,10.0,10.0,10.0,86.17,Excelente
853,sertao farm,Brazil,sul de minas,7.75,7.75,7.5,7.42,7.83,7.75,9.33,9.33,9.33,81.83,Muito Bom
513,sertao farm,Brazil,sul de minas,7.75,7.58,7.42,7.67,7.42,7.67,10.0,10.0,10.0,83.0,Muito Bom
921,pereira estate coffee,Brazil,sul de minas,7.58,7.5,7.5,7.67,7.67,7.83,9.33,9.33,9.33,81.5,Muito Bom
87,,Indonesia,lintong,7.75,7.83,7.67,8.0,8.08,7.83,10.0,10.0,10.0,85.17,Excelente
63,el majahual,El Salvador,apaneca,7.92,8.17,8.0,7.92,7.75,7.83,10.0,10.0,10.0,85.58,Excelente
228,el majahual,El Salvador,apaneca,8.42,8.08,7.5,7.17,7.58,8.17,9.33,10.0,10.0,84.17,Muito Bom
62,tairora cherry – bonta,Papua New Guinea,eastern highlands province,8.33,8.42,7.83,8.33,8.0,8.25,9.33,9.33,10.0,85.75,Excelente
293,"doi chaang coffee original co.,ltd",Thailand,"doi chaang village, chiang rai, thialand",7.75,7.75,7.58,8.0,7.67,7.58,10.0,10.0,10.0,83.83,Muito Bom
908,"doi chaang coffee original co.,ltd",Thailand,"doi chaang village, chiang rai, thialand",7.08,7.33,7.58,7.58,7.17,7.5,10.0,10.0,10.0,81.58,Muito Bom
1201,,Peru,san ignacio,7.67,7.17,7.08,7.25,8.0,7.5,8.67,9.33,9.33,79.0,Bom
395,doi tung development project,Thailand,,7.58,7.25,7.5,7.92,7.92,7.42,10.0,10.0,10.0,83.42,Muito Bom
559,doi tung development project,Thailand,,7.42,7.58,7.5,7.17,7.5,8.0,10.0,10.0,10.0,82.92,Muito Bom
533,doi tung development project,Thailand,,7.5,7.25,7.42,7.75,8.17,7.5,10.0,10.0,10.0,83.0,Muito Bom
803,,Thailand,thailand,7.58,7.5,7.42,7.42,7.33,7.42,10.0,10.0,10.0,82.0,Muito Bom
1127,doi tung development project,Thailand,thailand,7.33,6.67,7.08,7.42,7.42,7.08,10.0,10.0,10.0,80.0,Muito Bom
322,,Thailand,thailand,7.5,7.75,7.58,7.83,7.67,7.58,10.0,10.0,10.0,83.67,Muito Bom
1165,doi tung development project,Thailand,,7.17,7.17,7.0,7.0,7.25,6.92,10.0,10.0,10.0,79.67,Bom
454,,Thailand,thailand,7.67,7.58,7.58,7.75,7.42,7.67,10.0,10.0,10.0,83.17,Muito Bom
626,doi tung development project,Thailand,thailand,7.83,7.33,7.83,7.33,7.58,7.83,10.0,10.0,9.33,82.67,Muito Bom
294,doi tung development project,Thailand,,7.5,7.83,7.58,7.58,7.75,7.83,10.0,10.0,10.0,83.83,Muito Bom
255,doi tung development project,Thailand,thailand,7.92,8.17,8.17,8.42,8.08,8.17,8.67,8.67,9.33,84.0,Muito Bom
640,,Thailand,thailand,7.75,7.33,7.42,7.67,7.42,7.5,10.0,10.0,10.0,82.58,Muito Bom
1011,doi tung development project,Thailand,thailand,7.33,7.42,7.25,7.42,7.25,7.17,10.0,10.0,10.0,81.0,Muito Bom
658,,Thailand,thailand,7.5,7.83,7.5,7.75,7.33,7.42,9.33,10.0,10.0,82.5,Muito Bom
909,doi tung development project,Thailand,,7.33,7.33,7.17,7.5,7.58,7.33,10.0,10.0,10.0,81.58,Muito Bom
258,doi tung development project,Thailand,,7.58,7.75,7.58,7.75,7.58,7.75,10.0,10.0,10.0,84.0,Muito Bom
1148,,Thailand,thailand,7.25,7.08,6.92,7.5,7.08,6.92,10.0,10.0,10.0,79.75,Bom
1160,,Thailand,thailand,6.92,7.17,6.83,7.42,7.17,7.08,10.0,10.0,10.0,79.67,Bom
527,doi tung development project,Thailand,,7.33,7.67,7.58,7.5,7.75,7.67,10.0,10.0,10.0,83.0,Muito Bom
1030,doi tung development project,Thailand,,7.67,7.58,7.33,7.33,7.17,7.0,10.0,10.0,10.0,80.92,Muito Bom
763,,Thailand,thailand,7.42,7.42,7.17,7.75,7.25,7.67,10.0,10.0,10.0,82.17,Muito Bom
44,sunshine valley estate 向陽高山咖啡,Taiwan,natou county,8.08,8.17,7.75,8.08,7.75,7.83,10.0,10.0,10.0,86.08,Excelente
807,gao chun fang 高醇坊,Taiwan,"dongshan dist., tainan city 臺南市東山區",7.42,7.58,7.33,7.42,8.0,7.5,9.33,10.0,10.0,82.0,Muito Bom
771,kan tou mountain coffee 崁頭山咖啡館,Taiwan,"dongshan dist., tainan city 臺南市東山區",7.67,7.5,7.5,7.17,7.17,7.58,10.0,10.0,10.0,82.17,Muito Bom
116,shi fang yuan 十方源,Taiwan,"dongshan dist., tainan city 臺南市東山區",7.92,7.58,7.83,7.83,7.83,7.83,10.0,10.0,10.0,84.83,Muito Bom
1146,ka-vulungan coffee estate,Taiwan,"taiwu township , pingtung county 屏東縣泰武鄉",7.75,7.33,7.17,7.33,7.67,7.83,9.33,9.33,8.67,79.75,Bom
1218,kan tou mountain coffee 崁頭山咖啡館,Taiwan,"dongshan dist., tainan city 臺南市東山區",6.83,6.75,7.17,7.25,7.0,6.92,10.0,10.0,10.0,78.58,Bom
425,sunshine valley estate 向陽高山咖啡,Taiwan,natou county,7.67,7.5,7.5,7.5,7.67,7.83,10.0,10.0,10.0,83.25,Muito Bom
1005,jing jing café 晶晶坊青山咖啡教室,Taiwan,"dongshan dist., tainan city 臺南市東山區",7.25,7.17,7.17,7.25,7.5,7.33,10.0,10.0,10.0,81.0,Muito Bom
1183,baishencun coffee farm百勝村咖啡莊園,Taiwan,natou county,7.08,6.83,6.83,7.25,7.42,7.08,10.0,10.0,10.0,79.25,Bom
902,jacob's estate 雅谷咖啡,Taiwan,natou county,7.33,7.17,7.08,7.08,8.33,8.25,10.0,10.0,9.33,81.58,Muito Bom
845,gao chun fang 高醇坊,Taiwan,"dongshan dist., tainan city 臺南市東山區",7.67,7.33,7.17,7.25,7.75,7.33,10.0,10.0,10.0,81.83,Muito Bom
263,tsoustructive garden 鄒築園,Taiwan,"leye, alishan township, chiayi county 嘉義阿里山樂野村",7.83,7.75,7.83,7.75,7.83,7.75,9.33,10.0,10.0,83.92,Muito Bom
1147,baijiada coffee farm佰加達咖啡莊園,Taiwan,"baihe dist., tainan city 臺南市白河區",7.08,7.08,7.25,7.0,7.17,7.17,10.0,10.0,10.0,79.75,Bom
483,kan tou mountain coffee 崁頭山咖啡館,Taiwan,"dongshan dist., tainan city 臺南市東山區",7.83,7.92,7.5,7.83,7.67,7.25,9.33,10.0,10.0,83.08,Muito Bom
192,馨晴咖啡 good mood coffee,Taiwan,國姓鄉 guoshing township,7.92,7.75,7.75,7.67,7.67,7.83,10.0,10.0,10.0,84.25,Muito Bom
898,baishengcun coffee 百勝村咖啡莊園,Taiwan,natou county,7.42,7.42,7.25,7.67,7.33,7.25,10.0,10.0,10.0,81.58,Muito Bom
299,崁頭山咖啡館 (kan tou mountain coffee),Taiwan,"台南市東山區 (dongshan dist., tainan city)",7.67,7.67,7.58,7.58,7.67,7.83,10.0,10.0,10.0,83.75,Muito Bom
281,鄉舍咖啡 hometown coffee,Taiwan,"dongshan dist., tainan city 臺南市東山區",7.67,7.75,7.67,7.75,7.42,7.75,10.0,10.0,10.0,83.83,Muito Bom
802,"you siang coffee farmtainan, taiwan 台灣台南優香咖啡",Taiwan,"dongshan dist., tainan city 臺南市東山區",7.33,7.5,7.17,7.42,7.5,7.33,10.0,10.0,10.0,82.0,Muito Bom
963,jing jing café 晶晶坊青山咖啡教室,Taiwan,"dongshan dist., tainan city 台南市東山區",7.83,7.75,7.67,7.83,7.83,7.75,9.33,10.0,10.0,81.25,Muito Bom
635,林園咖啡 lin yuan coffee,Taiwan,國姓鄉 guoshing township,7.67,7.42,7.5,7.42,7.58,7.5,10.0,10.0,10.0,82.58,Muito Bom
1250,"dongshan gaoyuan village chief manor coffee tainan, taiwan 台灣台南東山高原村長莊園咖啡",Taiwan,"dongshan dist., tainan city 臺南市東山區",7.17,6.75,6.58,7.33,7.33,7.17,9.33,9.33,10.0,77.67,Bom
109,baishengcun coffee 百勝村咖啡莊園,Taiwan,natou county,7.67,7.83,8.0,7.58,8.0,7.92,10.0,10.0,10.0,84.92,Muito Bom
320,tsoustructive garden 鄒築園,Taiwan,"leye, alishan township, chiayi county",7.5,7.67,7.33,7.92,7.83,7.67,10.0,10.0,10.0,83.67,Muito Bom
234,chang yu liang 張玉良,Taiwan,"nanxi dist., tainan city 臺南市楠西區",7.58,7.67,7.67,7.67,7.75,7.83,10.0,10.0,10.0,84.08,Muito Bom
586,大鋤花間 (hoe vs. flower coffee farm),Taiwan,"台南市東山區( dongshan dist., tainan city)",7.83,7.67,7.33,7.67,7.58,7.67,9.33,10.0,10.0,82.75,Muito Bom
30,tsoustructive garden 鄒築園,Taiwan,"leye, alishan township, chiayi county",8.0,8.0,8.0,8.25,8.0,8.17,10.0,10.0,10.0,86.58,Excelente
1236,大鋤花間 (hoe vs. flower coffee farm),Taiwan,"台南市東山區( dongshan dist., tainan city)",7.5,7.08,7.33,7.17,7.5,7.5,6.67,10.0,10.0,78.0,Bom
537,shi fang yuan 十方源,Taiwan,"dongshan dist., tainan city 臺南市東山區",7.17,7.83,7.25,7.67,7.67,7.58,10.0,10.0,10.0,82.92,Muito Bom
920,good mood coffee 馨晴咖啡        ,Taiwan,natou county,7.42,7.33,7.67,7.33,7.42,7.5,10.0,10.0,9.33,81.5,Muito Bom
1251,,United States (Hawaii),kona,7.58,7.67,7.58,7.67,7.42,7.42,9.33,9.33,6.0,77.58,Bom
38,kona pacific farmers cooperative,United States (Hawaii),kona,8.25,8.42,8.08,7.75,7.67,7.83,10.0,10.0,10.0,86.25,Excelente
416,,United States (Hawaii),,7.58,7.67,7.58,7.5,7.83,7.67,10.0,10.0,10.0,83.33,Muito Bom
1114,,United States (Hawaii),kona,7.58,7.5,7.33,7.33,7.67,7.33,9.33,9.33,9.33,80.17,Muito Bom
745,,United States (Hawaii),kona,7.33,7.42,7.5,7.67,7.5,7.42,10.0,10.0,10.0,82.25,Muito Bom
177,,United States (Hawaii),kona,7.92,7.92,7.5,7.83,7.5,7.92,10.0,10.0,10.0,84.42,Muito Bom
1093,,United States (Hawaii),kona,7.17,7.5,6.92,7.33,7.67,7.33,9.33,10.0,10.0,80.33,Muito Bom
852,,United States (Hawaii),kona,7.83,7.83,7.83,8.0,7.83,7.83,10.0,6.67,10.0,81.83,Muito Bom
65,,United States (Hawaii),kona,7.83,8.0,7.92,7.75,8.08,8.0,10.0,10.0,10.0,85.58,Excelente
630,,United States (Hawaii),kona,7.83,7.67,7.5,7.67,7.5,7.58,10.0,10.0,9.33,82.67,Muito Bom
105,kona pacific farmers cooperative,United States (Hawaii),kona,7.75,7.92,7.75,7.75,8.0,8.0,10.0,10.0,10.0,85.0,Excelente
335,,United States (Hawaii),,7.75,8.0,7.92,8.08,7.75,8.0,9.33,9.33,9.33,83.67,Muito Bom
37,,United States (Hawaii),kona,8.08,8.17,8.0,7.92,7.92,7.83,10.0,10.0,10.0,86.25,Excelente
859,kona pacific farmers cooperative,United States (Hawaii),kona,7.25,7.58,7.83,7.67,7.75,7.75,9.33,9.33,10.0,81.83,Muito Bom
605,,United States (Hawaii),kona,7.25,7.75,7.5,7.83,7.67,7.67,9.33,10.0,10.0,82.75,Muito Bom
787,,United States (Hawaii),kona,7.25,7.58,7.58,7.25,7.5,7.42,10.0,10.0,10.0,82.08,Muito Bom
492,,United States (Hawaii),kona,7.33,7.58,7.58,7.92,7.67,7.58,10.0,10.0,10.0,83.08,Muito Bom
934,,United States (Hawaii),kona,7.33,7.33,7.33,7.5,7.5,7.83,9.33,10.0,10.0,81.5,Muito Bom
529,,United States (Hawaii),,7.83,7.83,7.67,7.83,7.92,7.83,9.33,9.33,9.33,83.0,Muito Bom
374,,United States (Hawaii),,7.5,7.67,7.58,7.92,7.58,7.67,10.0,10.0,10.0,83.5,Muito Bom
96,kona pacific farmers cooperative,United States (Hawaii),kona,7.5,7.92,8.25,7.83,7.92,7.75,10.0,10.0,10.0,85.08,Excelente
73,,United States (Hawaii),kona,7.92,7.92,7.75,7.92,7.75,7.92,10.0,10.0,10.0,85.42,Excelente
1049,,United States (Hawaii),kona,7.08,7.33,7.17,7.25,7.33,7.67,10.0,10.0,10.0,80.75,Muito Bom
489,,United States (Hawaii),kona,7.83,7.83,7.33,7.17,7.75,7.67,10.0,10.0,10.0,83.08,Muito Bom
431,,United States (Hawaii),kona,7.58,7.75,7.83,8.0,8.08,7.67,9.33,10.0,9.33,83.25,Muito Bom
309,,United States (Hawaii),kona,7.25,7.42,7.67,7.58,7.83,8.25,10.0,10.0,10.0,83.75,Muito Bom
1221,kona farms,United States (Hawaii),kona,7.92,6.83,7.08,7.42,6.75,7.33,8.67,9.33,10.0,78.58,Bom
391,,United States (Hawaii),kona,7.42,7.75,7.67,7.58,7.67,7.67,10.0,10.0,10.0,83.42,Muito Bom
607,,United States (Hawaii),kona,7.75,7.67,7.5,7.83,7.17,7.42,10.0,10.0,10.0,82.75,Muito Bom
1144,,United States (Hawaii),kona,7.58,7.08,6.83,7.17,7.5,7.17,9.33,10.0,10.0,79.83,Bom
895,,United States (Hawaii),kona,7.42,7.33,7.33,7.33,7.17,7.83,10.0,10.0,10.0,81.67,Muito Bom
491,,United States (Hawaii),kona,7.67,7.58,7.5,7.67,7.92,8.0,9.33,9.33,10.0,83.08,Muito Bom
394,kona pacific farmers cooperative,United States (Hawaii),kona,7.5,7.92,7.42,7.67,7.83,7.58,10.0,10.0,10.0,83.42,Muito Bom
557,,United States (Hawaii),kona,7.5,7.5,7.5,7.42,7.67,7.83,10.0,10.0,10.0,82.92,Muito Bom
238,,United States (Hawaii),kona,7.83,7.75,7.83,7.83,7.42,8.08,9.33,10.0,10.0,84.08,Muito Bom
94,,United States (Hawaii),kona,8.08,8.17,7.92,8.0,8.08,8.0,9.33,9.33,10.0,85.08,Excelente
998,,United States (Hawaii),,7.42,7.42,7.25,7.58,6.92,7.17,10.0,10.0,10.0,81.08,Muito Bom
314,,United States (Hawaii),kona,7.83,7.67,7.75,7.67,7.58,7.5,10.0,10.0,10.0,83.75,Muito Bom
415,,United States (Hawaii),kona,8.08,7.83,7.83,7.75,7.67,7.58,9.33,10.0,9.33,83.33,Muito Bom
412,,United States (Hawaii),kona,7.92,7.5,7.58,7.83,7.67,7.67,9.33,10.0,10.0,83.33,Muito Bom
206,,United States (Hawaii),kona,7.33,7.92,7.92,7.92,7.92,8.08,10.0,10.0,9.33,84.25,Muito Bom
950,kona pacific farmers cooperative,United States (Hawaii),kona,7.83,7.0,7.0,7.58,7.58,7.5,10.0,10.0,10.0,81.42,Muito Bom
530,,United States (Hawaii),,7.5,7.58,7.42,7.58,7.58,7.67,10.0,10.0,10.0,83.0,Muito Bom
1292,,United States (Hawaii),kona,7.17,7.17,7.17,7.58,7.67,6.92,9.33,6.67,6.67,73.67,Bom
1139,,United States (Hawaii),kona,7.5,7.42,7.58,7.42,7.5,7.58,8.67,8.67,10.0,79.92,Bom
1067,,United States (Hawaii),,7.42,7.58,7.5,7.92,7.83,7.83,8.67,8.67,9.33,80.58,Muito Bom
1233,,United States (Hawaii),kona,7.42,7.33,7.33,7.5,7.67,7.75,8.0,8.67,9.33,78.25,Bom
1036,,United States (Hawaii),kona,7.42,7.33,7.0,7.25,7.33,7.5,10.0,10.0,10.0,80.83,Muito Bom
793,,United States (Hawaii),kona,7.33,7.5,7.33,7.58,7.08,7.83,10.0,10.0,10.0,82.08,Muito Bom
986,,United States (Hawaii),kona,7.25,7.75,7.67,7.67,7.42,7.67,8.67,9.33,10.0,81.17,Muito Bom
118,,United States (Hawaii),kona,7.67,7.75,7.75,7.75,7.83,8.0,10.0,10.0,10.0,84.83,Muito Bom
673,,United States (Hawaii),kona,7.33,7.42,7.33,7.75,7.42,7.67,10.0,10.0,10.0,82.5,Muito Bom
404,el pino,Mexico,veracruz,7.67,7.67,7.58,7.67,7.5,7.58,10.0,10.0,10.0,83.33,Muito Bom
768,el pino,Mexico,veracruz,7.42,7.33,7.17,7.42,7.33,8.17,10.0,10.0,10.0,82.17,Muito Bom
627,finca monte grande,Mexico,,7.58,7.58,7.42,7.58,7.42,7.5,10.0,10.0,10.0,82.67,Muito Bom
1136,finca monte grande,Mexico,jaltenango,7.17,7.08,7.08,7.08,7.5,7.33,9.33,10.0,10.0,79.92,Bom
1157,finca monte grande,Mexico,tuxtla gutierrez,7.25,6.83,6.92,7.08,7.25,7.08,10.0,10.0,10.0,79.75,Bom
1279,finca monte grande,Mexico,,7.25,6.83,6.67,7.08,7.17,6.83,10.0,6.67,10.0,75.17,Bom
1219,grapos el porvenir,Mexico,tapachula,7.0,7.0,6.75,7.33,6.92,6.92,10.0,10.0,10.0,78.58,Bom
1155,el vergel,Mexico,pochutla,7.33,7.25,7.0,7.08,7.08,7.0,10.0,10.0,10.0,79.75,Bom
349,ojo de agua,Mexico,xalapa,7.83,7.67,7.58,7.58,7.67,7.58,10.0,10.0,10.0,83.58,Muito Bom
1164,consolapa,Mexico,"coatepec, coatepec",6.92,7.17,7.17,7.17,7.08,7.08,10.0,10.0,10.0,79.67,Bom
575,santa rosa,Mexico,veracruz,7.67,7.58,7.42,7.75,7.42,7.42,10.0,10.0,10.0,82.83,Muito Bom
925,productor independiente guadalupe victoria,Mexico,amatenango de la frontera,7.58,7.42,7.25,7.42,7.33,7.33,10.0,10.0,10.0,81.5,Muito Bom
1085,copalita,Mexico,pochutla,6.92,7.17,7.08,7.5,7.33,7.17,10.0,10.0,10.0,80.42,Muito Bom
273,finca sant rosa,Mexico,la concordia,7.5,7.67,7.58,7.83,7.75,7.75,10.0,10.0,10.0,83.92,Muito Bom
209,finca santa teresa,Mexico,"la concordia, chiapas",7.83,7.92,7.67,7.75,7.5,7.75,10.0,10.0,10.0,84.25,Muito Bom
725,santa teresa,Mexico,"la concordia, chiapas",7.67,7.5,7.42,7.5,7.42,7.42,10.0,10.0,10.0,82.33,Muito Bom
1205,santa teresa,Mexico,"la concordia, chiapas",7.33,7.0,6.75,7.08,7.17,7.25,9.33,10.0,10.0,78.92,Bom
521,las lomas,Mexico,coatepec,7.5,7.67,7.5,7.5,7.58,7.58,10.0,10.0,10.0,83.0,Muito Bom
168,finca el retiro,Mexico,jaltenango,7.92,7.83,7.75,7.75,7.75,7.83,10.0,10.0,10.0,84.5,Muito Bom
893,finca nueva linda,Mexico,"la concordia, chiapas",7.58,7.42,7.25,7.58,7.25,7.17,10.0,10.0,10.0,81.67,Muito Bom
577,finca nueva linda,Mexico,la concordia,7.58,7.58,7.5,7.42,7.67,7.58,10.0,10.0,10.0,82.83,Muito Bom
971,finca chanjul,Mexico,motozintla,7.42,7.42,7.33,7.33,7.5,7.42,9.33,10.0,10.0,81.25,Muito Bom
291,finca santa teresa,Mexico,"la concordia, chiapas",7.67,7.58,7.5,7.75,7.75,7.75,10.0,10.0,10.0,83.83,Muito Bom
471,finca nueva linda,Mexico,la concordia,7.5,7.75,7.58,7.58,7.67,7.5,10.0,10.0,10.0,83.17,Muito Bom
924,nueva linda,Mexico,"la concordia, chiapas",7.33,7.33,7.17,7.42,7.5,7.5,10.0,10.0,10.0,81.5,Muito Bom
1035,selva negra,Mexico,veracruz,7.5,7.17,7.33,7.25,7.17,7.17,10.0,10.0,10.0,80.83,Muito Bom
855,finca muxbal,Mexico,veracruz,7.83,7.33,7.25,7.58,7.25,7.33,10.0,10.0,10.0,81.83,Muito Bom
1135,rancho san francisco iii,Mexico,veracruz,7.5,7.17,7.0,7.17,7.25,7.08,10.0,10.0,10.0,79.92,Bom
892,ucipa santa catarina,Mexico,veracruz,7.5,7.42,7.33,7.42,7.42,7.42,10.0,10.0,10.0,81.67,Muito Bom
701,fln mirador,Mexico,fln mirador,7.83,7.5,7.42,7.67,7.17,7.33,10.0,10.0,10.0,82.42,Muito Bom
1291,rancho vigia,Mexico,coatepec,7.67,7.0,7.17,7.58,7.33,7.33,10.0,2.67,10.0,73.83,Bom
1166,tepetzingo,Mexico,tepetzingo,7.08,7.0,6.92,7.33,7.25,7.08,10.0,10.0,10.0,79.58,Bom
994,"san fernando, chiapas",Mexico,san fernando,7.25,7.42,7.33,7.33,7.17,7.33,10.0,10.0,10.0,81.08,Muito Bom
699,finca nextlalpa,Mexico,xicotepec de juarez,7.58,7.33,7.33,7.58,7.5,7.5,10.0,10.0,10.0,82.42,Muito Bom
668,caltuchoco,Mexico,zapotitlan de mendez,7.67,7.5,7.33,7.67,7.5,7.33,10.0,10.0,10.0,82.5,Muito Bom
600,san lorenzo,Mexico,chiapas,7.58,7.58,7.5,7.5,7.5,7.5,10.0,10.0,10.0,82.75,Muito Bom
693,cipresal,Mexico,chiapas,7.5,7.42,7.42,7.67,7.42,7.58,10.0,10.0,10.0,82.42,Muito Bom
1286,sierra madre,Mexico,chiapas,7.08,7.0,6.83,7.5,7.33,6.83,8.0,7.33,10.0,74.67,Bom
465,santa cecilia,Mexico,chiapas,7.75,7.58,7.58,7.58,7.5,7.42,10.0,10.0,10.0,83.17,Muito Bom
602,,Mexico,atoyac de alvarez,8.08,8.17,8.0,8.0,7.83,7.92,6.67,10.0,10.0,82.75,Muito Bom
239,la lagunilla,Mexico,santo domingo cacalotepec,7.67,7.75,7.67,7.75,7.67,7.75,10.0,10.0,10.0,84.08,Muito Bom
1224,cerca de los angeles,Mexico,los angeles,7.25,7.17,7.0,6.83,7.58,7.08,8.67,10.0,10.0,78.5,Bom
888,union ramal santa cruz,Mexico,"la concordia, chiapas",7.5,7.42,7.08,7.58,7.33,7.33,10.0,10.0,10.0,81.67,Muito Bom
1151,union ramal santa cruz,Mexico,"la concordia, chiapas",7.58,7.08,7.0,7.0,7.5,6.92,10.0,10.0,10.0,79.75,Bom
905,union ramal santa cruz,Mexico,"la concordia, chiapas",7.67,7.5,7.42,7.5,6.75,7.42,10.0,10.0,10.0,81.58,Muito Bom
1162,union ramal santa cruz,Mexico,"la concordia, chiapas",7.42,7.25,6.83,7.58,7.17,6.58,10.0,10.0,10.0,79.67,Bom
1245,el regadito,Mexico,petatlan,7.42,7.25,7.0,7.0,7.25,7.08,8.0,10.0,10.0,77.92,Bom
1174,casa blanca,Mexico,"coatepec, coatepec",7.25,7.33,7.0,7.25,7.17,7.17,9.33,10.0,10.0,79.5,Bom
1092,,Mexico,chilón,7.25,7.08,7.08,7.33,7.33,7.17,10.0,10.0,10.0,80.33,Muito Bom
369,,Mexico,chilón,7.67,7.75,7.67,7.75,7.58,7.5,10.0,10.0,10.0,83.5,Muito Bom
894,sacún palma,Mexico,"sacún palma, municipio de chilón, chiapas",7.75,7.58,7.25,7.17,7.58,7.33,9.33,10.0,10.0,81.67,Muito Bom
865,finca tepictla,Mexico,tepictla,7.42,7.5,7.17,7.67,7.33,7.42,10.0,10.0,10.0,81.75,Muito Bom
928,hamburgo 7 arroyos,Mexico,tapachula,7.42,7.42,7.33,7.17,7.25,7.42,10.0,10.0,10.0,81.5,Muito Bom
112,el suspiro,Mexico,coatepec,7.75,8.0,7.75,7.83,7.5,7.92,10.0,10.0,10.0,84.92,Muito Bom
1211,el tesoro,Mexico,veracruz,7.25,7.33,7.17,7.25,7.08,7.0,8.67,10.0,10.0,78.75,Bom
694,pante san pedro,Mexico,san pedro cotzilnam,7.42,7.58,7.5,7.42,7.58,7.5,10.0,10.0,10.0,82.42,Muito Bom
207,pante carajillo,Mexico,san pedro cotzilnam,7.83,7.92,7.67,7.83,7.5,7.75,10.0,10.0,10.0,84.25,Muito Bom
1214,los pinos,Mexico,yecuatla,6.92,6.92,6.67,7.25,7.17,6.92,10.0,10.0,10.0,78.67,Bom
983,,Mexico,tapachula,7.42,7.25,7.08,7.75,7.42,7.17,10.0,10.0,10.0,81.17,Muito Bom
789,,Mexico,tapachula,7.5,7.42,7.42,7.5,7.25,7.5,10.0,10.0,10.0,82.08,Muito Bom
960,,Mexico,tapachula,7.58,7.42,7.25,7.33,7.25,7.25,10.0,10.0,10.0,81.33,Muito Bom
690,finca los barreales,Mexico,veracruz,7.5,7.58,7.5,7.92,7.42,7.67,9.33,10.0,10.0,82.42,Muito Bom
696,los barreales 1112lbcat_s110312,Mexico,xalapa,7.75,7.33,7.25,7.58,7.58,7.33,10.0,10.0,10.0,82.42,Muito Bom
368,finca los barreales 1112lban,Mexico,xalapa,7.83,7.58,7.25,7.5,7.5,7.42,10.0,10.0,10.0,83.5,Muito Bom
748,los barreales 1112lbgr7230412,Mexico,veracruz,7.5,7.58,7.42,7.67,7.33,7.42,10.0,10.0,10.0,82.25,Muito Bom
729,finca los barreales 1112lbga7250412,Mexico,veracruz,7.67,7.58,7.5,7.58,7.5,7.5,10.0,10.0,10.0,82.33,Muito Bom
208,finca los barreales,Mexico,veracruz,7.83,7.83,7.75,7.67,7.83,7.58,10.0,10.0,10.0,84.25,Muito Bom
272,finca cuetzalingo,Mexico,xicotepec de juarez,7.67,7.75,7.58,7.67,7.75,7.83,10.0,10.0,10.0,83.92,Muito Bom
23,la herradura,Mexico,xalapa,8.17,8.25,8.17,8.0,7.83,8.17,10.0,10.0,10.0,87.17,Excelente
775,las truchas,Mexico,altotonga,7.5,7.58,7.25,7.5,7.5,7.33,10.0,10.0,10.0,82.17,Muito Bom
520,finca la estancia,Mexico,atoyac de alvarez,7.67,7.83,7.5,7.58,7.58,7.67,9.33,10.0,10.0,83.0,Muito Bom
997,el desmoronado,Mexico,talpa de allende,7.42,7.33,7.25,7.42,7.17,7.25,10.0,10.0,10.0,81.08,Muito Bom
1197,el desmoronado,Mexico,talpa de allende,7.17,7.25,7.25,7.17,7.25,7.08,9.33,9.33,10.0,79.08,Bom
432,finca teocelo,Mexico,veracruz,7.75,7.58,7.58,7.58,7.5,7.58,10.0,10.0,10.0,83.25,Muito Bom
1122,,Mexico,escuitla,7.25,7.08,7.0,7.17,7.33,7.17,10.0,10.0,10.0,80.08,Muito Bom
290,predio cañada del encino,Mexico,petatlan,7.67,8.0,7.67,7.42,7.67,7.5,10.0,10.0,10.0,83.83,Muito Bom
1280,peña campana,Mexico,huautla de jimenez,7.17,7.17,6.83,7.17,7.42,6.67,8.67,7.33,10.0,75.17,Bom
827,various,Mexico,chiapas,7.58,7.5,7.25,7.58,7.5,7.25,10.0,10.0,10.0,81.92,Muito Bom
1133,various,Mexico,chiapas,7.33,7.08,7.08,7.33,7.42,7.17,9.33,10.0,10.0,79.92,Bom
430,various,Mexico,chiapas,7.58,7.75,7.5,7.5,7.58,7.58,10.0,10.0,10.0,83.25,Muito Bom
1153,various,Mexico,chiapas,7.25,7.08,7.0,7.17,7.17,7.08,10.0,10.0,10.0,79.75,Bom
749,jamaica,Mexico,juquila,7.67,7.58,7.33,7.5,7.42,7.42,10.0,10.0,10.0,82.25,Muito Bom
650,jamaica,Mexico,oaxaca,7.5,7.58,7.5,7.5,7.42,7.5,10.0,10.0,10.0,82.58,Muito Bom
1235,,Mexico,cordoba,7.08,6.83,6.67,7.25,7.25,6.92,10.0,9.33,10.0,78.08,Bom
831,mata larga,Mexico,fortín de las flores,7.67,7.42,7.33,7.83,7.5,7.5,9.33,10.0,10.0,81.92,Muito Bom
433,mata larga,Mexico,fortín de las flores,7.75,7.75,7.42,7.92,7.33,7.5,10.0,10.0,10.0,83.25,Muito Bom
700,santa rosa,Mexico,progreso santa rosa teocelo,7.67,7.58,7.33,7.42,7.58,7.33,10.0,10.0,10.0,82.42,Muito Bom
1202,,Mexico,"iliatenco, guerrero",6.75,7.08,6.67,7.25,7.17,7.08,10.0,10.0,10.0,79.0,Bom
891,,Mexico,yajalon,7.67,7.25,7.17,7.75,7.5,7.25,10.0,10.0,10.0,81.67,Muito Bom
927,canoa manzanillo,Mexico,manzanillo,7.33,7.5,7.33,7.33,7.33,7.42,10.0,10.0,10.0,81.5,Muito Bom
926,santa maria temaxcalapa,Mexico,temaxcalapa,7.42,7.25,7.17,7.42,7.17,8.0,10.0,10.0,10.0,81.5,Muito Bom
1307,el centenario,Mexico,juchique de ferrer,7.08,6.83,6.25,7.42,7.25,6.75,10.0,0.0,10.0,68.33,Bom
1223,finca sego,Mexico,villa talea de castro,7.08,6.83,6.83,7.0,7.0,6.92,10.0,10.0,10.0,78.5,Bom
1252,rancho los laureles,Mexico,coatepec,7.17,6.75,6.58,6.75,6.83,6.75,10.0,10.0,10.0,77.5,Bom
1134,finca buenos aires,Mexico,"motozintla, chiapas",7.17,7.17,6.92,7.25,7.33,7.08,10.0,10.0,10.0,79.92,Bom
1242,finca la fortuna,Mexico,"motozintla, chiapas",7.25,7.33,7.0,7.0,7.25,7.08,10.0,10.0,8.0,78.0,Bom
1012,finca el gavilancillo,Mexico,"motozintla, chiapas",7.08,7.33,7.33,7.33,7.42,7.25,10.0,10.0,10.0,81.0,Muito Bom
1259,finca los andes,Mexico,"motozintla, chiapas",7.08,7.0,7.0,7.25,7.33,7.25,8.67,8.67,10.0,77.17,Bom
1181,la gloria,Mexico,zentla,7.42,7.17,7.08,7.17,7.08,7.08,9.33,10.0,10.0,79.33,Bom
1180,el encanto,Mexico,zentla,7.0,7.0,6.83,7.33,7.42,6.92,10.0,10.0,10.0,79.33,Bom
469,el mirador,Mexico,san isidro,7.75,7.5,7.42,7.75,7.58,7.58,10.0,10.0,10.0,83.17,Muito Bom
1079,peña negra,Mexico,zaragoza itundujia,7.25,7.25,7.08,7.33,7.25,7.17,10.0,10.0,10.0,80.5,Muito Bom
1203,el sauce,Mexico,zaragoza itundujia,7.5,7.17,6.92,7.5,7.25,7.0,8.67,10.0,10.0,79.0,Bom
1226,el naranjo,Mexico,zaragoza itundujia,7.58,7.17,7.0,7.17,7.33,7.0,8.0,10.0,10.0,78.42,Bom
1111,el carrizo,Mexico,zaragoza itundujia,7.58,7.42,7.33,7.5,7.08,7.17,8.67,10.0,10.0,80.17,Muito Bom
1256,el naranjo,Mexico,zaragoza itundujia,7.33,7.0,6.67,7.0,6.92,6.92,9.33,9.33,10.0,77.33,Bom
1195,huanacaxtle,Mexico,zaragoza itundujia,7.33,7.0,6.92,7.25,7.33,7.08,9.33,10.0,10.0,79.08,Bom
1121,el tabaco,Mexico,zaragoza itundujia,7.33,7.17,7.25,7.08,7.08,7.08,10.0,10.0,10.0,80.08,Muito Bom
1282,el limón,Mexico,zaragoza itundujia,7.08,6.75,6.58,7.0,7.0,6.75,8.67,8.67,10.0,74.92,Bom
1190,la tejeria,Mexico,zaragoza itundujia,7.25,7.08,6.92,7.08,7.17,7.17,9.33,10.0,10.0,79.17,Bom
1206,la pandora,Mexico,zaragoza itundujia,7.5,7.0,6.92,7.08,6.92,6.75,10.0,10.0,10.0,78.92,Bom
1269,agua de la mariposa,Mexico,zaragoza itundujia,7.42,7.0,6.83,7.08,6.92,6.83,7.33,10.0,10.0,76.17,Bom
1154,peña negra,Mexico,zaragoza itundujia,7.25,7.17,7.17,7.08,7.17,7.0,10.0,10.0,10.0,79.75,Bom
698,cañada fria,Mexico,veracruz,7.58,7.58,7.17,7.5,7.5,7.5,10.0,10.0,10.0,82.42,Muito Bom
332,finca apoxtla,Mexico,xicotepec de juarez,7.67,7.5,7.5,7.33,7.83,8.25,10.0,10.0,10.0,83.67,Muito Bom
1196,las palmas,Mexico,tlacuilotepec,7.25,7.08,6.75,7.33,7.42,7.0,9.33,10.0,10.0,79.08,Bom
1277,la joya,Mexico,tlacuilotepec,7.5,7.25,6.92,7.0,7.17,6.83,8.0,8.0,10.0,75.5,Bom
1191,el delirio,Mexico,yajalon,7.17,6.92,6.92,7.08,7.17,7.0,10.0,10.0,10.0,79.17,Bom
1152,comonyaj noptic s de ss,Mexico,chiapas,7.58,7.08,6.92,7.58,7.5,6.92,10.0,9.33,10.0,79.75,Bom
773,el nanchi,Mexico,san bartolo tutotepec,7.5,7.67,7.0,7.5,7.33,7.5,10.0,10.0,10.0,82.17,Muito Bom
864,los magueyes,Mexico,"tenango de doria, hidalgo",7.5,7.5,7.33,7.42,7.25,7.25,10.0,10.0,10.0,81.75,Muito Bom
1105,mirador,Mexico,"calnali, hidalgo",7.58,7.33,7.17,7.25,6.75,7.0,10.0,10.0,10.0,80.25,Muito Bom
946,palantla,Mexico,"huazalingo, hidalgo",7.42,7.33,7.25,7.17,7.25,7.42,10.0,10.0,10.0,81.42,Muito Bom
466,tlapacoya,Mexico,"tlanchinol, hidalgo",7.75,7.67,7.58,7.5,7.42,7.58,10.0,10.0,10.0,83.17,Muito Bom
1163,el encinal,Mexico,"tenango de doria, hidalgo",7.33,7.17,7.0,6.75,7.08,7.0,10.0,10.0,10.0,79.67,Bom
829,texpanco,Mexico,"huazalingo, hidalgo",7.5,7.42,7.25,7.5,7.33,7.33,10.0,10.0,10.0,81.92,Muito Bom
828,platanal,Mexico,"chapulhuacan, hidalgo",7.5,7.5,7.25,7.25,7.5,7.5,10.0,10.0,10.0,81.92,Muito Bom
746,omicuatla,Mexico,"calnali, hidalgo",7.58,7.58,7.5,7.17,7.42,7.42,10.0,10.0,10.0,82.25,Muito Bom
467,la loma,Mexico,san bartolo tutotepec,7.58,7.75,7.42,7.67,7.5,7.58,10.0,10.0,10.0,83.17,Muito Bom
667,la pagua,Mexico,san bartolo tutotepec,7.5,7.58,7.5,7.5,7.42,7.42,10.0,10.0,10.0,82.5,Muito Bom
728,tepemalacax,Mexico,"jaltocan, hidalgo",7.58,7.67,7.58,7.33,7.0,7.58,10.0,10.0,10.0,82.33,Muito Bom
310,naranjal,Mexico,"huazalingo, hidalgo",7.83,7.58,7.58,7.5,7.75,7.67,10.0,10.0,10.0,83.75,Muito Bom
1129,"santa clara, california y camila",Mexico,san miguel del puerto,7.08,7.33,7.0,7.33,7.08,7.0,10.0,10.0,10.0,80.0,Muito Bom
1034,finca santa clara,Mexico,oaxaca,7.33,7.25,7.33,7.33,7.25,7.17,10.0,10.0,10.0,80.83,Muito Bom
554,el regalito,Mexico,petatlan,7.58,7.58,7.33,7.25,7.58,7.75,10.0,10.0,10.0,82.92,Muito Bom
1210,"la patrona, el trebol, la cadena",Mexico,veracruz,7.25,6.83,6.83,7.0,7.17,7.0,10.0,10.0,10.0,78.75,Bom
556,el jabali,Mexico,la cumbre,8.0,7.92,7.67,7.17,7.67,7.42,9.33,10.0,10.0,82.92,Muito Bom
890,finca cafetalera la suiza,Mexico,tuxtla gutierrez,7.25,7.67,7.58,7.67,7.67,7.58,8.67,10.0,10.0,81.67,Muito Bom
1177,cre-leg l-4,Mexico,xicotepec de juarez,7.0,6.83,6.83,7.42,7.33,7.17,10.0,10.0,10.0,79.42,Bom
697,corral del diablo lote 1,Mexico,zihuatanejo de azueta,7.5,7.58,7.33,7.5,7.5,7.5,10.0,10.0,10.0,82.42,Muito Bom
1278,"zaragoza, montelibano, pamal navil",Mexico,ocosingo,7.17,6.92,6.67,6.83,7.25,7.75,10.0,6.0,10.0,75.17,Bom
370,la corralera,Mexico,totutla,7.75,7.67,7.67,7.75,7.33,7.5,10.0,10.0,10.0,83.5,Muito Bom
1281,la cruz,Mexico,menglian,7.0,6.92,6.75,6.92,7.17,6.83,10.0,6.67,10.0,75.0,Bom
1283,la orduña,Mexico,coatepec,7.33,6.75,6.67,7.25,7.5,7.0,10.0,5.33,10.0,74.83,Bom
1128,"la orduña, coatepec, veracruz",Mexico,coatepec,7.25,7.25,7.08,7.17,7.33,7.33,9.33,10.0,10.0,80.0,Muito Bom
1110,"la orduña, coatepec, veracruz",Mexico,coatepec,7.33,7.08,6.92,7.42,7.25,7.08,10.0,10.0,10.0,80.17,Muito Bom
1137,finca la orduña,Mexico,coatepec,7.33,7.25,7.0,7.42,7.17,7.17,9.33,10.0,10.0,79.92,Bom
187,la distancia,Mexico,tuxtla gutierrez,8.0,7.75,7.75,7.83,7.5,7.67,10.0,10.0,10.0,84.33,Muito Bom
961,cruz verde,Mexico,veracruz,7.33,7.25,7.17,7.42,7.58,7.33,10.0,10.0,10.0,81.33,Muito Bom
1138,finca huehuetecpan,Mexico,veracruz,7.17,7.33,7.08,7.58,7.33,7.08,10.0,9.33,10.0,79.92,Bom
1033,la victoria pante nubes,Mexico,motozintla,7.17,7.08,7.25,7.42,7.25,7.33,10.0,10.0,10.0,80.83,Muito Bom
1112,el aguacate,Mexico,veracruz,7.33,7.33,7.17,7.08,7.25,7.0,10.0,10.0,10.0,80.17,Muito Bom
1184,el aguacate,Mexico,veracruz,7.0,7.0,6.92,7.17,7.17,7.08,10.0,10.0,10.0,79.25,Bom
1290,la marina-el orizabeño,Mexico,xalapa,6.92,6.42,6.17,7.33,7.25,6.75,10.0,6.67,10.0,74.0,Bom
519,vegas,Mexico,coatepec,7.67,7.58,7.42,7.5,7.67,7.58,10.0,10.0,10.0,83.0,Muito Bom
790,bola de oro,Mexico,coatepec,7.67,7.5,7.25,7.58,7.42,7.33,10.0,10.0,10.0,82.08,Muito Bom
1143,la cuchilla,Mexico,veracruz,7.17,7.08,7.0,7.25,7.5,7.0,10.0,10.0,10.0,79.83,Bom
601,tlamatoca,Mexico,veracruz,7.58,7.58,7.33,7.75,7.25,7.58,10.0,10.0,10.0,82.75,Muito Bom
792,tomatlancillo,Mexico,veracruz,7.58,7.42,7.25,7.75,7.33,7.42,10.0,10.0,10.0,82.08,Muito Bom
751,chilcuatla,Mexico,veracruz,7.33,7.58,7.42,7.67,7.33,7.5,10.0,10.0,10.0,82.25,Muito Bom
1167,,Mexico,la concordia,7.25,6.92,6.92,7.33,7.25,7.0,10.0,10.0,10.0,79.58,Bom
574,,Mexico,la concordia,7.58,7.67,7.5,7.58,7.5,7.5,10.0,10.0,10.0,82.83,Muito Bom
867,,Mexico,la concordia,7.33,7.42,7.33,7.67,7.42,7.25,10.0,10.0,10.0,81.75,Muito Bom
1086,,Mexico,la concordia,7.42,7.08,7.08,7.33,7.25,7.17,10.0,10.0,10.0,80.42,Muito Bom
1173,,Mexico,la concordia,7.25,7.08,6.92,7.25,7.58,7.08,9.33,10.0,10.0,79.5,Bom
866,"arroyo triste, arroyo triste, san jose vista hermosa",Mexico,oaxaca,7.42,7.5,7.33,7.58,7.33,7.33,10.0,10.0,10.0,81.75,Muito Bom
995,cafetal sinai,Mexico,santo reyes nopala,7.33,7.25,7.33,7.42,7.25,7.42,10.0,10.0,10.0,81.08,Muito Bom
1047,san josé y el portillo,Mexico,oaxaca,7.58,7.33,7.42,7.25,7.5,7.5,9.33,9.33,10.0,80.75,Muito Bom
669,santa cruz - pante don manuel,Mexico,la concordia,7.92,7.5,7.33,7.58,7.25,7.42,10.0,10.0,10.0,82.5,Muito Bom
906,las nubes - pante don jaime,Mexico,la concordia,7.33,7.5,7.25,7.5,7.5,7.17,10.0,10.0,10.0,81.58,Muito Bom
907,santa cruz - pante don jaime,Mexico,la concordia,7.67,7.58,7.42,7.58,7.58,7.42,10.0,10.0,8.67,81.58,Muito Bom
868,santa cruz - pante doña graciela,Mexico,la concordia,7.5,7.42,7.25,7.33,7.67,7.25,10.0,10.0,10.0,81.75,Muito Bom
809,la ceiba,Mexico,coscomatepec,7.67,7.33,7.25,7.5,7.42,7.42,10.0,10.0,10.0,82.0,Muito Bom
1289,las ceibas,Mexico,"chocaman, veracruz",7.0,6.58,6.67,6.83,7.08,6.83,10.0,6.67,10.0,74.33,Bom
1204,pico del oro,Mexico,amatenango de la frontera,7.17,6.83,6.83,7.25,7.17,6.92,10.0,10.0,10.0,79.0,Bom
167,la barranca,Mexico,hustusco,8.0,7.92,7.42,8.08,7.5,7.67,10.0,10.0,10.0,84.5,Muito Bom
1301,la morena,Mexico,veracruz,6.5,6.67,6.42,7.17,7.33,6.5,8.0,6.0,10.0,71.0,Bom
996,,Mexico,santa maria sitepec,7.33,7.33,7.25,7.42,7.25,7.25,10.0,10.0,10.0,81.08,Muito Bom
1264,,Mexico,coatepec,7.17,6.58,6.58,7.0,7.25,6.58,9.33,9.33,10.0,76.42,Bom
744,finca huehuetecpan,Mexico,veracruz,7.58,7.58,7.42,7.42,7.42,7.42,10.0,10.0,10.0,82.25,Muito Bom
830,la laja,Mexico,veracruz,7.33,7.58,7.17,7.58,7.42,7.33,10.0,10.0,10.0,81.92,Muito Bom
929,el romance azul,Mexico,atoyac de alvarez,7.5,7.5,7.25,7.5,7.42,7.58,9.33,10.0,10.0,81.5,Muito Bom
856,el deseo,Mexico,coatepec,7.33,7.33,7.25,7.5,7.5,7.5,10.0,10.0,10.0,81.83,Muito Bom
788,"cafetal el equimite, rancho agroecológico",Mexico,coatepec,7.42,7.58,7.5,7.33,7.42,7.42,10.0,10.0,10.0,82.08,Muito Bom
695,"cafetal el equimite, rancho agroecológico",Mexico,coatepec,7.42,7.58,7.33,7.58,7.5,7.5,10.0,10.0,10.0,82.42,Muito Bom
1271,finca tepictla,Mexico,tepictla,7.08,6.83,6.83,7.17,7.17,7.08,10.0,7.33,10.0,76.08,Bom
1029,"olotlan, el plan, criollo garnica",Mexico,ixhuatlan del cafe,7.58,7.33,7.08,7.5,7.17,7.25,10.0,10.0,10.0,80.92,Muito Bom
1300,la vuelta,Mexico,tlatlauquitepec,6.92,6.92,6.92,6.92,7.17,7.0,10.0,2.67,10.0,71.08,Bom
732,cafetal santa maria,Mexico,santa catarina juquila,8.0,7.75,7.33,7.33,7.08,7.67,9.33,10.0,10.0,82.33,Muito Bom
490,santa maria,Mexico,santa catarina juquila,7.75,7.67,7.42,7.75,7.5,7.5,10.0,10.0,10.0,83.08,Muito Bom
628,finca castillos,Mexico,mahuixtlan,7.5,7.58,7.58,7.58,7.42,7.42,10.0,10.0,10.0,82.67,Muito Bom
947,los brujos,Mexico,"coatepec, coatepec",7.42,7.42,7.25,7.25,7.5,7.33,10.0,10.0,10.0,81.42,Muito Bom
178,finca la chiripa,Mexico,tapachula,7.75,7.92,7.75,7.67,7.83,7.67,10.0,10.0,10.0,84.42,Muito Bom
1055,"el desmoronado, talpan de allende jalisco",Mexico,"el desmoronado, talpan de allende jalisco",7.25,7.17,7.17,7.25,7.17,7.42,10.0,10.0,10.0,80.67,Muito Bom
686,los llanitos,Mexico,la yerba,7.42,7.5,7.42,7.58,7.42,7.5,10.0,10.0,10.0,82.42,Muito Bom
619,los llanitos,Mexico,la yerba,7.67,7.58,7.42,7.5,7.42,7.5,10.0,10.0,10.0,82.67,Muito Bom
752,comunidad de canoas,Mexico,canoas,7.42,7.5,7.42,7.58,7.42,7.5,10.0,10.0,10.0,82.25,Muito Bom
274,comunidad la yerbabuena,Mexico,la yerbabuena,7.75,7.92,7.83,7.92,7.75,7.67,9.33,10.0,10.0,83.92,Muito Bom
1013,,Mexico,adolfo lopez mateos,7.58,7.67,7.5,7.67,7.58,7.5,8.0,10.0,10.0,81.0,Muito Bom
776,"la calera, barranca de la leona, el nogal",Mexico,colima,7.0,7.67,7.5,7.5,7.42,7.5,10.0,10.0,10.0,82.17,Muito Bom
141,"el nogal, la higuera, los laureles",Mexico,el remudadero,7.83,7.58,7.67,7.92,7.92,7.83,10.0,10.0,10.0,84.67,Muito Bom
651,la timbuchera; el ocotito y la hortaliza,Mexico,colima,7.67,7.58,7.58,7.75,7.67,6.83,10.0,10.0,10.0,82.58,Muito Bom
1220,cofradia,Mexico,cofradia de suchitlan,7.92,7.58,7.58,7.92,7.92,7.5,8.0,6.67,10.0,78.58,Bom
1212,los encinos,Mexico,"ohuapan, tlaltetela",7.67,7.17,6.83,7.33,7.58,7.17,9.33,10.0,8.67,78.75,Bom
1039,myaing,Myanmar,ywar ngan,6.92,7.5,7.0,7.58,7.5,7.08,10.0,10.0,10.0,80.75,Muito Bom
841,wat-ka-bu,Myanmar,ywar ngan,7.33,7.58,7.5,7.42,7.33,7.33,10.0,10.0,10.0,81.83,Muito Bom
1018,sithar coffee farm,Myanmar,pyinoolwin,7.17,7.42,7.0,7.58,7.33,7.0,10.0,10.0,10.0,80.92,Muito Bom
1124,doe kwin,Myanmar,"doe kwin, pyin oo lwin",7.17,7.33,7.0,7.42,7.17,7.0,10.0,10.0,10.0,80.0,Muito Bom
1099,thein kone,Myanmar,ywar ngan,7.42,7.0,7.08,7.0,7.17,7.33,10.0,10.0,10.0,80.25,Muito Bom
916,mixed,Myanmar,ywar ngan township,7.25,7.42,7.25,7.5,7.33,7.33,10.0,10.0,10.0,81.5,Muito Bom
1074,mixed,Myanmar,pyin oo lwin,7.17,7.33,7.17,7.42,7.25,7.08,10.0,10.0,10.0,80.5,Muito Bom
573,burka coffee estate,"Tanzania, United Republic Of",arusha,7.67,7.5,7.33,7.25,7.58,7.75,10.0,10.0,10.0,82.83,Muito Bom
783,ampcg,"Tanzania, United Republic Of",kilimanjaro,7.42,7.33,7.42,7.42,7.5,7.58,10.0,10.0,10.0,82.08,Muito Bom
463,,"Tanzania, United Republic Of",kilimanjaro,7.58,7.5,7.58,7.75,7.58,7.58,10.0,10.0,10.0,83.17,Muito Bom
443,mamsera,"Tanzania, United Republic Of",moshi,7.67,7.58,7.42,7.67,7.67,7.58,10.0,10.0,10.0,83.17,Muito Bom
875,ngima,"Tanzania, United Republic Of",mbinga,7.17,7.33,7.33,7.42,7.5,7.33,10.0,10.0,10.0,81.67,Muito Bom
761,,"Tanzania, United Republic Of",northern,7.42,7.42,7.42,7.5,7.5,7.33,10.0,10.0,10.0,82.17,Muito Bom
1,metad plc,Ethiopia,guji-hambela,8.67,8.83,8.67,8.75,8.5,8.42,10.0,10.0,10.0,90.58,Excelente
5,metad plc,Ethiopia,guji-hambela,8.25,8.5,8.25,8.5,8.42,8.33,10.0,10.0,10.0,88.83,Excelente
2,metad plc,Ethiopia,guji-hambela,8.75,8.67,8.5,8.58,8.42,8.42,10.0,10.0,10.0,89.92,Excelente
11,fahem coffee plantation,Ethiopia,oromia,8.17,8.67,8.25,8.5,7.75,8.17,10.0,10.0,10.0,88.08,Excelente
35,haider abamecha coffee plantation,Ethiopia,oromia,8.0,8.08,7.92,8.0,8.08,8.08,10.0,10.0,10.0,86.25,Excelente
221,asefa dukamo coffee plantation,Ethiopia,snnprg; kafa; telo woreda; shada kebele,7.5,7.92,7.58,7.83,7.75,7.83,10.0,10.0,10.0,84.17,Muito Bom
4,yidnekachew dabessa coffee plantation,Ethiopia,oromia,8.17,8.58,8.42,8.42,8.5,8.25,10.0,10.0,10.0,89.0,Excelente
10,tulla coffee farm,Ethiopia,"snnp/kaffa zone,gimbowereda",8.08,8.58,8.5,8.5,7.67,8.42,10.0,10.0,10.0,88.25,Excelente
360,,Ethiopia,oromia,7.67,7.75,7.5,7.58,7.75,7.67,10.0,10.0,10.0,83.5,Muito Bom
71,,Ethiopia,oromia,7.75,7.83,7.83,8.17,7.92,7.83,10.0,10.0,10.0,85.42,Excelente
68,,Ethiopia,oromia,7.83,8.0,7.83,7.92,7.83,8.08,10.0,10.0,10.0,85.5,Excelente
60,seid damtew coffee planation,Ethiopia,addis ababa,7.83,8.0,7.83,8.17,7.92,8.0,10.0,10.0,10.0,85.75,Excelente
89,seid damtew coffee planation,Ethiopia,"kefa zone, gimbo distict, at a place called woka araba, south west ethiopia.",7.75,8.0,7.58,8.0,8.0,7.92,10.0,10.0,10.0,85.08,Excelente
282,,Ethiopia,oromia,7.75,7.75,7.67,7.67,7.58,7.67,10.0,10.0,10.0,83.83,Muito Bom
57,,Ethiopia,oromia,7.83,8.08,7.92,8.08,8.0,7.92,10.0,10.0,10.0,85.83,Excelente
587,la montaña,El Salvador,cacahuatique,7.67,7.67,7.17,7.33,7.58,7.67,10.0,10.0,10.0,82.75,Muito Bom
535,santa josefita,El Salvador,apaneca,7.5,7.5,7.75,7.58,7.92,7.83,10.0,10.0,9.33,82.92,Muito Bom
820,la esperanza,El Salvador,"el balsamo, quezaltepec",7.67,7.58,7.33,7.5,7.5,7.67,10.0,10.0,9.33,81.92,Muito Bom
383,la joya,El Salvador,apaneca,7.58,7.5,7.75,7.58,7.75,7.67,10.0,10.0,10.0,83.42,Muito Bom
563,el barbaro,El Salvador,"el balsamo, quezaltepec",7.33,7.67,7.67,7.83,7.33,7.67,10.0,10.0,10.0,82.83,Muito Bom
450,agua caliente,El Salvador,apaneca,7.5,7.5,7.33,7.67,8.0,7.67,10.0,10.0,10.0,83.17,Muito Bom
1000,santa josefita,El Salvador,apaneca,7.42,7.08,7.08,7.33,7.25,7.58,10.0,10.0,10.0,81.0,Muito Bom
126,monterrey,El Salvador,apaneca,7.83,7.83,7.5,8.0,7.83,7.67,10.0,10.0,10.0,84.67,Muito Bom
739,zapato de mico,El Salvador,apaneca,7.58,7.67,7.5,7.67,7.83,8.42,9.33,9.33,9.33,82.25,Muito Bom
1159,la montaña,El Salvador,cacahuatique,7.25,7.08,7.0,6.83,7.33,7.17,10.0,10.0,10.0,79.67,Bom
611,el barbaro,El Salvador,"el balsamo, quezaltepec",7.67,7.67,7.67,7.67,7.5,7.67,10.0,10.0,9.33,82.67,Muito Bom
639,small holders farmer,Indonesia,aceh,7.83,7.58,7.42,7.33,7.42,7.5,10.0,10.0,10.0,82.58,Muito Bom
540,kalugmanan agri development corp.,Philippines,"bukidnon, mindanao, philppines",7.58,7.58,7.67,7.58,7.5,7.5,10.0,10.0,10.0,82.92,Muito Bom
584,various,Indonesia,sapan toraja,7.5,7.58,7.42,7.58,7.58,7.5,10.0,10.0,10.0,82.75,Muito Bom
778,various,Indonesia,aceh gayo,7.5,7.5,7.42,7.42,7.5,7.42,10.0,10.0,10.0,82.08,Muito Bom
655,various,Indonesia,bali,7.83,7.75,7.25,7.5,7.42,7.33,10.0,10.0,10.0,82.5,Muito Bom
127,sran temanggung plantation,Indonesia,"temanggung, indonesia",7.92,7.83,7.75,7.75,7.75,7.75,10.0,10.0,10.0,84.67,Muito Bom
1234,various,Indonesia,ijen,6.92,6.83,6.92,6.92,6.92,6.83,10.0,10.0,10.0,78.17,Bom
333,"ijen highland, east java",Indonesia,east java,8.17,7.67,7.58,7.58,7.42,7.67,10.0,10.0,10.0,83.67,Muito Bom
232,"mus, eman",Indonesia,aceh tengah,7.81,7.88,7.56,7.75,7.63,7.75,10.0,10.0,10.0,84.13,Muito Bom
375,pancoer angkrek,Indonesia,bondowoso,7.83,7.58,7.58,7.58,7.75,7.58,10.0,10.0,10.0,83.5,Muito Bom
495,lintong nihuta,Indonesia,dolok sanggul,7.67,7.58,7.5,7.58,7.67,7.58,10.0,10.0,10.0,83.08,Muito Bom
930,"ijen highland, east java",Indonesia,ijen,7.75,7.17,7.17,7.33,7.58,7.33,10.0,10.0,10.0,81.5,Muito Bom
588,gamboa,Costa Rica,tarrazu,7.58,7.5,7.42,7.67,7.42,7.5,10.0,10.0,10.0,82.75,Muito Bom
786,cafetalera aquiares,Costa Rica,turrialba,7.58,7.33,7.33,7.33,7.5,7.67,10.0,10.0,10.0,82.08,Muito Bom
379,gamboa,Costa Rica,tarrazu,7.58,7.5,7.42,7.92,7.5,7.67,10.0,10.0,10.0,83.42,Muito Bom
220,gamboa,Costa Rica,tarrazu,7.67,7.75,7.67,7.75,7.5,8.0,10.0,10.0,10.0,84.17,Muito Bom
1053,gamboa,Costa Rica,tarrazu,7.83,7.5,7.67,7.67,7.83,7.5,6.67,10.0,10.0,80.67,Muito Bom
277,gamboa,Costa Rica,tarrazu,7.67,7.67,7.75,7.67,7.5,7.75,10.0,10.0,10.0,83.83,Muito Bom
321,,Costa Rica,west valley,7.33,7.67,7.67,7.5,7.67,7.5,10.0,10.0,10.0,83.67,Muito Bom
884,gamboa,Costa Rica,tarrazu,7.5,7.17,7.17,7.17,7.5,7.08,10.0,10.0,10.0,81.67,Muito Bom
899,cafetalera aquiares,Costa Rica,turrialba,7.58,7.42,7.5,7.17,7.08,7.58,10.0,10.0,10.0,81.58,Muito Bom
354,,Costa Rica,tarrazu,7.92,7.42,7.5,7.67,7.5,7.67,10.0,10.0,10.0,83.5,Muito Bom
710,gamboa,Costa Rica,tarrazu,7.75,7.5,7.25,7.25,7.42,7.67,10.0,10.0,10.0,82.33,Muito Bom
172,several farmers,Costa Rica,tarrazu,7.58,7.83,7.83,8.0,7.67,7.58,10.0,10.0,10.0,84.42,Muito Bom
159,,Costa Rica,valle central,7.92,7.67,7.92,7.75,7.67,7.58,10.0,10.0,10.0,84.5,Muito Bom
129,rio jorco,Costa Rica,tarrazu,8.08,7.75,7.67,7.83,7.5,7.92,10.0,10.0,10.0,84.67,Muito Bom
419,coopellanobonito,Costa Rica,tarrazu,7.83,7.5,7.42,7.67,7.5,7.67,10.0,10.0,10.0,83.25,Muito Bom
711,rio jorco,Costa Rica,tarrazu,7.75,7.33,7.5,7.5,7.33,7.58,10.0,10.0,10.0,82.33,Muito Bom
1247,el brigadum - la coronela,Nicaragua,jinotega,7.42,7.0,7.0,7.17,7.08,7.0,9.33,8.67,10.0,77.83,Bom
213,los girasoles,Costa Rica,tarrazu,7.92,7.75,7.67,7.67,7.5,7.67,10.0,10.0,10.0,84.17,Muito Bom
512,several,Costa Rica,central valley,7.67,7.58,7.5,7.58,7.5,7.5,10.0,10.0,10.0,83.0,Muito Bom
284,various,Costa Rica,central valley,7.83,7.42,7.5,7.83,7.75,7.83,10.0,10.0,10.0,83.83,Muito Bom
804,various,Costa Rica,central valley,7.5,7.25,7.33,7.33,7.75,7.5,10.0,10.0,10.0,82.0,Muito Bom
134,various,Costa Rica,west valley,8.0,7.58,7.83,7.75,7.75,7.75,10.0,10.0,10.0,84.67,Muito Bom
486,various,Costa Rica,central valley,7.83,7.33,7.5,7.67,7.58,7.67,10.0,10.0,10.0,83.08,Muito Bom
981,various,Costa Rica,central valley,7.33,7.08,7.33,7.25,7.33,7.58,10.0,10.0,10.0,81.17,Muito Bom
407,several,Costa Rica,central valley,7.5,7.67,7.67,7.5,7.83,7.17,10.0,10.0,10.0,83.33,Muito Bom
644,various,Costa Rica,central valley,7.67,7.42,7.5,7.67,7.0,7.75,10.0,10.0,10.0,82.58,Muito Bom
34,exclusive coffees s.a.,Costa Rica,west and central valley,8.17,7.83,8.0,8.08,7.83,8.0,10.0,10.0,10.0,86.33,Excelente
56,la berlina estate,Panama,boquete,8.0,8.0,7.92,8.08,7.83,8.0,10.0,10.0,10.0,85.83,Excelente
131,coopetarrazú,Costa Rica,tarrazu,8.17,8.0,7.83,7.17,7.83,7.75,10.0,10.0,10.0,84.67,Muito Bom
162,coopetarrazú,Costa Rica,tarrazu,7.92,7.83,7.83,7.83,7.58,7.58,10.0,10.0,10.0,84.5,Muito Bom
599,several,Colombia,antioquia,7.58,7.33,7.17,7.33,7.25,8.58,10.0,10.0,10.0,82.75,Muito Bom
1032,several,Guatemala,orient,7.67,7.25,7.08,7.33,7.17,7.25,10.0,10.0,10.0,80.83,Muito Bom
992,santa laura,Costa Rica,naranjo,7.42,7.25,7.17,7.25,7.25,7.58,10.0,10.0,10.0,81.08,Muito Bom
363,several,Guatemala,atitlan,7.58,7.75,7.5,7.83,7.42,7.67,10.0,10.0,10.0,83.5,Muito Bom
720,several,Colombia,antioquia,7.42,7.33,7.5,7.17,7.08,8.33,10.0,10.0,10.0,82.33,Muito Bom
685,several,Guatemala,atitlan,7.5,7.5,7.5,7.67,7.42,7.5,10.0,10.0,10.0,82.42,Muito Bom
218,las nubes,Nicaragua,jinotega,7.67,7.83,7.83,7.5,7.67,7.83,10.0,10.0,10.0,84.17,Muito Bom
844,el patalillo,Costa Rica,tres rios,7.67,7.5,7.5,7.25,7.08,7.42,10.0,10.0,10.0,81.83,Muito Bom
975,el patalillo,Costa Rica,tres rios,7.5,7.5,7.33,7.17,7.08,7.17,10.0,10.0,10.0,81.17,Muito Bom
782,el patalillo,Costa Rica,tres rios,7.75,7.42,7.42,7.25,7.17,7.42,10.0,10.0,10.0,82.08,Muito Bom
1244,several,Costa Rica,occidental,7.5,7.25,7.42,7.0,7.08,6.83,8.67,9.33,10.0,77.92,Bom
1299,several,Costa Rica,occidental,6.33,6.5,6.33,6.83,6.33,6.5,10.0,6.67,10.0,71.75,Bom
917,several,Costa Rica,occidental,7.83,7.33,7.08,7.08,7.33,7.5,10.0,10.0,10.0,81.5,Muito Bom
120,contact | sidacoop@ethionet.net,Ethiopia,sidamo,7.42,7.92,7.92,8.0,7.83,7.83,10.0,10.0,10.0,84.83,Muito Bom
179,phone number | 0911-513824 email: gmt.ft,Ethiopia,limu,7.5,7.75,7.83,7.92,7.92,7.75,10.0,10.0,10.0,84.42,Muito Bom
9,aolme,Ethiopia,oromiya,8.67,8.67,8.58,8.42,8.33,8.42,9.33,10.0,9.33,88.42,Excelente
83,,Ethiopia,yirgacheffe,7.92,7.83,7.75,8.33,7.75,7.75,10.0,10.0,10.0,85.33,Excelente
295,"phone number | 0911-51-08-01, email | at",Ethiopia,sidamo,7.58,7.83,7.58,8.0,7.83,7.5,10.0,10.0,10.0,83.83,Muito Bom
1130,"phone number | 0911-51-08-01, email | at",Ethiopia,limu,7.42,7.42,7.5,7.92,7.75,7.58,8.67,9.33,8.67,80.0,Muito Bom
95,,Ethiopia,sidamo,7.67,8.0,7.83,8.0,7.92,7.83,10.0,10.0,10.0,85.08,Excelente
27,,Ethiopia,sidamo,7.83,8.25,8.08,8.17,8.17,8.17,10.0,10.0,10.0,86.92,Excelente
51,contact | sidacoop@ethionet.net,Ethiopia,sidamo,7.75,8.08,8.0,8.25,8.0,8.0,10.0,10.0,10.0,86.0,Excelente
39,"phone number | 0911-51-08-01, email | at",Ethiopia,yirgacheffe,7.92,7.75,8.08,8.08,8.08,8.17,10.0,10.0,10.0,86.25,Excelente
15,aolme,Ethiopia,oromiya,8.25,8.33,8.5,8.25,8.58,8.75,9.33,10.0,9.33,87.83,Excelente
1094,,Ethiopia,kelem welega,7.25,7.25,7.25,7.33,7.5,8.0,9.33,9.33,10.0,80.33,Muito Bom
82,phone number | 0911-513824 email: gmt.ft,Ethiopia,yirgacheffe,7.83,7.83,7.92,8.08,7.75,7.83,10.0,10.0,10.0,85.33,Excelente
478,tega and tula special coffee farm,Ethiopia,limu,7.75,8.0,7.67,8.08,7.83,7.92,9.33,9.33,9.33,83.17,Muito Bom
119,contact | sidacoop@ethionet.net,Ethiopia,sidamo,7.75,7.92,7.83,7.92,7.75,7.67,10.0,10.0,10.0,84.83,Muito Bom
144,contact | sidacoop@ethionet.net,Ethiopia,sidamo,7.42,7.75,7.75,8.0,8.0,7.92,10.0,10.0,10.0,84.67,Muito Bom
18,,Ethiopia,yirgacheffe,8.17,8.33,8.25,8.33,8.42,8.33,9.33,10.0,9.33,87.33,Excelente
8,aolme,Ethiopia,oromia,8.25,8.33,8.5,8.42,8.33,8.5,10.0,10.0,9.33,88.67,Excelente
444,,Peru,,7.92,7.5,7.5,7.58,7.67,7.5,10.0,10.0,10.0,83.17,Muito Bom
603,supply chain ecom cca s.a.,Colombia,south huila,7.5,7.58,7.42,7.67,7.5,7.58,10.0,10.0,10.0,82.75,Muito Bom
265,,Colombia,la plata,7.75,7.58,7.5,7.83,7.75,7.92,10.0,10.0,10.0,83.92,Muito Bom
779,,Colombia,huila,7.75,7.58,7.42,7.67,7.83,7.58,9.33,9.33,10.0,82.08,Muito Bom
182,,Colombia,huila,7.58,7.75,7.5,7.83,7.67,8.5,10.0,10.0,10.0,84.33,Muito Bom
596,,Colombia,huila,7.67,7.42,7.42,7.58,7.33,7.67,10.0,10.0,10.0,82.75,Muito Bom
423,,Colombia,huila,7.58,7.67,7.67,7.17,7.75,7.83,10.0,10.0,10.0,83.25,Muito Bom
312,,Colombia,cauca,7.83,7.83,7.58,7.33,7.42,7.67,10.0,10.0,10.0,83.75,Muito Bom
298,,Colombia,huila,7.83,7.83,7.58,7.58,7.58,7.58,10.0,10.0,10.0,83.75,Muito Bom
90,,Colombia,pasto,8.17,7.83,7.58,8.08,8.0,7.75,10.0,10.0,10.0,85.08,Excelente
517,,Colombia,pitalito,7.58,7.75,7.42,7.67,7.58,7.42,10.0,10.0,10.0,83.0,Muito Bom
233,,Colombia,huila,7.83,7.5,7.42,7.5,7.83,8.5,10.0,10.0,10.0,84.08,Muito Bom
264,,Colombia,huila,7.75,7.67,7.5,7.75,7.83,7.75,10.0,10.0,10.0,83.92,Muito Bom
350,,Colombia,cundinamarca,7.67,7.58,7.58,7.58,7.67,7.75,10.0,10.0,10.0,83.58,Muito Bom
384,,Colombia,huila,7.58,7.67,7.58,7.67,7.58,7.67,10.0,10.0,10.0,83.42,Muito Bom
185,,Colombia,huila,7.75,7.67,8.0,7.67,8.08,7.83,10.0,10.0,10.0,84.33,Muito Bom
352,,Colombia,cundinamarca,7.75,7.58,7.58,7.75,7.75,7.5,10.0,10.0,10.0,83.5,Muito Bom
194,,Colombia,nariño,7.83,7.58,7.75,7.58,7.67,8.0,10.0,10.0,10.0,84.25,Muito Bom
275,,Colombia,nariño,7.92,7.58,7.5,7.83,7.58,7.67,10.0,10.0,10.0,83.83,Muito Bom
502,,Colombia,huila,7.67,7.67,7.33,7.67,7.5,7.58,10.0,10.0,10.0,83.0,Muito Bom
201,,Colombia,huila,7.42,7.67,7.83,7.75,7.92,7.83,10.0,10.0,10.0,84.25,Muito Bom
302,,Colombia,huila,7.75,7.67,7.5,7.67,7.58,7.83,10.0,10.0,10.0,83.75,Muito Bom
734,,Colombia,huila,7.83,7.58,7.33,7.25,7.58,7.42,10.0,10.0,10.0,82.33,Muito Bom
378,,Colombia,huila,7.67,7.67,7.5,7.67,7.67,7.58,10.0,10.0,10.0,83.42,Muito Bom
174,,Colombia,pitalito,7.92,7.83,7.75,7.67,7.92,7.67,10.0,10.0,10.0,84.42,Muito Bom
516,,Colombia,pitalito,7.33,7.67,7.75,7.42,7.75,7.58,10.0,10.0,10.0,83.0,Muito Bom
479,,Colombia,cundinamarca,7.58,7.67,7.33,7.67,7.75,7.58,10.0,10.0,10.0,83.08,Muito Bom
355,,Colombia,pitalito,7.75,7.58,7.58,7.5,7.75,7.75,10.0,10.0,10.0,83.5,Muito Bom
410,,Colombia,pitalito,7.67,7.67,7.5,7.67,7.92,7.42,10.0,10.0,10.0,83.33,Muito Bom
376,,Colombia,huila,7.5,7.58,7.58,7.5,7.75,7.83,10.0,10.0,10.0,83.42,Muito Bom
702,,Colombia,huila,7.67,7.33,7.25,7.42,7.5,7.67,10.0,10.0,10.0,82.42,Muito Bom
93,,Colombia,cundinamarca,7.83,8.0,7.75,7.75,7.83,7.83,10.0,10.0,10.0,85.08,Excelente
794,,Colombia,cauca,7.67,7.42,7.67,7.33,7.25,7.58,10.0,10.0,10.0,82.08,Muito Bom
306,,Colombia,huila,7.67,7.42,7.42,7.42,8.0,8.33,10.0,10.0,10.0,83.75,Muito Bom
245,,Colombia,huila,7.67,7.67,7.83,7.58,7.58,7.83,10.0,10.0,10.0,84.0,Muito Bom
223,,Colombia,huila,7.67,7.5,7.67,7.42,7.83,8.58,10.0,10.0,10.0,84.17,Muito Bom
248,,Colombia,huila,7.67,7.75,7.67,7.67,7.67,7.75,10.0,10.0,10.0,84.0,Muito Bom
553,,Colombia,antioquia,7.83,7.67,7.42,7.42,7.5,7.58,10.0,10.0,10.0,82.92,Muito Bom
199,,Colombia,huila,7.83,7.67,7.75,7.58,7.92,7.75,10.0,10.0,10.0,84.25,Muito Bom
146,,Colombia,santander,7.83,7.67,7.58,7.92,7.67,7.83,10.0,10.0,10.0,84.58,Muito Bom
1003,,Colombia,guayata,7.67,7.5,7.42,5.25,7.67,7.75,10.0,10.0,10.0,81.0,Muito Bom
756,,Colombia,cauca,7.17,7.25,7.58,7.25,7.58,7.67,10.0,10.0,10.0,82.25,Muito Bom
851,,Colombia,huila,7.5,7.5,7.0,7.42,7.5,7.58,10.0,10.0,10.0,81.83,Muito Bom
250,,Colombia,huila,7.67,7.67,7.5,7.5,7.67,7.67,10.0,10.0,10.0,84.0,Muito Bom
111,,Colombia,huila,7.75,7.92,7.83,7.75,7.75,8.0,10.0,10.0,10.0,84.92,Muito Bom
184,,Colombia,la plata,7.67,7.67,7.75,7.83,7.75,7.83,10.0,10.0,10.0,84.33,Muito Bom
340,,Colombia,huila,7.67,7.75,7.58,7.67,7.75,7.58,10.0,10.0,10.0,83.58,Muito Bom
175,,Colombia,huila,7.92,7.75,7.67,7.92,7.67,7.75,10.0,10.0,10.0,84.42,Muito Bom
217,,Colombia,huila,8.0,7.5,7.5,7.67,8.0,7.83,10.0,10.0,10.0,84.17,Muito Bom
633,,Colombia,,7.5,7.42,7.33,7.33,7.67,7.83,10.0,10.0,10.0,82.67,Muito Bom
372,,Colombia,huila,7.67,7.58,7.58,7.67,7.67,7.67,10.0,10.0,10.0,83.5,Muito Bom
357,,Colombia,huila,7.58,7.58,7.58,7.58,7.75,7.67,10.0,10.0,10.0,83.5,Muito Bom
558,,Colombia,cauca,7.5,7.75,7.33,7.75,7.08,7.83,10.0,10.0,10.0,82.92,Muito Bom
348,,Colombia,huila,7.67,7.67,7.58,7.67,7.75,7.58,10.0,10.0,10.0,83.58,Muito Bom
1060,,Colombia,,7.17,7.25,7.08,7.42,7.08,7.42,10.0,10.0,10.0,80.67,Muito Bom
572,,Colombia,huila,7.83,7.5,7.5,7.42,7.5,7.5,10.0,10.0,10.0,82.83,Muito Bom
692,,Colombia,huila,7.67,7.42,7.33,7.5,7.58,7.5,10.0,10.0,10.0,82.42,Muito Bom
806,,Colombia,huila,7.33,7.33,7.58,7.5,7.5,7.58,10.0,10.0,10.0,82.0,Muito Bom
518,,Colombia,huila,7.5,7.5,7.42,7.58,7.75,7.58,10.0,10.0,10.0,83.0,Muito Bom
604,,Colombia,huila,7.67,7.58,7.58,7.58,7.5,7.42,10.0,10.0,10.0,82.75,Muito Bom
526,,Colombia,la plata,7.67,7.67,7.58,7.5,7.67,7.42,10.0,10.0,10.0,83.0,Muito Bom
933,,Colombia,cauca,7.42,7.42,7.17,7.42,7.42,7.33,10.0,10.0,10.0,81.5,Muito Bom
338,,Colombia,huila,7.75,7.75,7.58,7.58,7.67,7.58,10.0,10.0,10.0,83.58,Muito Bom
593,,Colombia,huila,7.5,7.58,7.58,7.75,7.33,7.5,10.0,10.0,10.0,82.75,Muito Bom
550,,Colombia,huila,7.58,7.5,7.75,7.33,7.58,7.58,10.0,10.0,10.0,82.92,Muito Bom
877,,Colombia,la plata,7.75,7.75,7.75,7.67,5.25,7.83,10.0,10.0,10.0,81.67,Muito Bom
152,,Colombia,huila,7.75,7.75,7.83,7.75,7.58,8.0,10.0,10.0,10.0,84.58,Muito Bom
108,,Colombia,huila,7.92,7.83,7.75,7.83,7.75,8.0,10.0,10.0,10.0,84.92,Muito Bom
468,,Colombia,huila,7.67,7.5,7.5,7.5,7.58,8.17,10.0,10.0,10.0,83.17,Muito Bom
754,,Colombia,huila,7.67,7.33,7.33,7.33,7.5,7.5,10.0,10.0,10.0,82.25,Muito Bom
480,,Colombia,huila,7.75,7.5,7.5,7.42,8.0,7.75,10.0,10.0,10.0,83.08,Muito Bom
652,,Colombia,huila,7.33,7.42,7.58,7.42,7.67,7.5,10.0,10.0,10.0,82.58,Muito Bom
236,,Colombia,huila,7.92,7.75,7.67,7.75,7.67,7.67,10.0,10.0,10.0,84.08,Muito Bom
536,,Colombia,guayata,7.58,7.67,7.5,7.33,7.67,7.58,10.0,10.0,10.0,82.92,Muito Bom
107,,Colombia,huila,7.92,7.92,7.67,7.83,7.92,7.83,10.0,10.0,10.0,84.92,Muito Bom
1068,,Colombia,,7.08,7.25,7.0,7.5,7.08,7.33,10.0,10.0,10.0,80.58,Muito Bom
269,,Colombia,huila,7.75,7.58,7.67,7.83,7.83,7.67,10.0,10.0,10.0,83.92,Muito Bom
98,,Colombia,huila,8.0,7.92,7.75,7.92,7.75,7.83,10.0,10.0,10.0,85.0,Excelente
456,,Colombia,huila,7.58,7.5,7.5,7.67,7.5,7.67,10.0,10.0,10.0,83.17,Muito Bom
212,,Colombia,huila,7.83,7.75,7.58,7.67,7.75,7.83,10.0,10.0,10.0,84.17,Muito Bom
815,,Colombia,huila,7.33,7.0,7.08,7.42,7.5,7.67,10.0,10.0,10.0,82.0,Muito Bom
672,,Colombia,huila,7.67,7.5,7.33,7.5,7.25,7.67,10.0,10.0,10.0,82.5,Muito Bom
437,,Colombia,la plata,7.67,7.67,7.5,7.5,7.58,7.67,10.0,10.0,10.0,83.25,Muito Bom
300,,Colombia,huila,7.92,7.75,7.5,7.67,7.75,7.5,10.0,10.0,10.0,83.75,Muito Bom
514,,Colombia,huila,7.75,7.42,7.33,7.5,7.58,7.17,10.0,10.0,10.0,83.0,Muito Bom
276,,Colombia,huila,7.83,7.67,7.5,7.75,7.75,7.75,10.0,10.0,10.0,83.83,Muito Bom
198,,Colombia,huila,7.67,7.67,7.75,7.75,7.67,7.92,10.0,10.0,10.0,84.25,Muito Bom
870,,Colombia,huila,7.42,7.58,6.92,7.08,7.25,8.0,10.0,10.0,10.0,81.75,Muito Bom
326,,Colombia,huila,7.67,7.67,7.67,7.67,7.33,7.75,10.0,10.0,10.0,83.67,Muito Bom
528,,Colombia,cauca,7.33,7.67,7.58,7.33,7.58,7.92,10.0,10.0,10.0,83.0,Muito Bom
305,,Colombia,huila,7.67,7.67,7.67,7.92,7.5,7.67,10.0,10.0,10.0,83.75,Muito Bom
680,,Colombia,guayata,5.08,7.75,7.83,7.75,7.83,8.08,10.0,10.0,10.0,82.42,Muito Bom
399,,Colombia,huila,7.83,7.58,7.58,7.58,7.5,7.58,10.0,10.0,10.0,83.33,Muito Bom
147,,Colombia,huila,7.92,7.83,7.58,8.0,7.83,7.67,10.0,10.0,10.0,84.58,Muito Bom
951,,Colombia,huila,7.5,7.33,7.33,7.17,7.33,7.42,10.0,10.0,10.0,81.33,Muito Bom
493,,Colombia,huila,7.33,7.33,7.33,7.58,7.25,8.08,10.0,10.0,10.0,83.08,Muito Bom
1198,,,,6.75,6.75,6.42,6.83,7.58,7.5,10.0,10.0,10.0,79.08,Bom
398,,Colombia,guayata,7.67,7.58,7.58,7.42,7.67,7.75,10.0,10.0,10.0,83.33,Muito Bom
571,,Colombia,santander,7.5,7.42,7.58,7.5,7.58,7.58,10.0,10.0,10.0,82.83,Muito Bom
313,,Colombia,cundinamarca,7.75,7.67,7.25,7.25,7.58,8.5,10.0,10.0,10.0,83.75,Muito Bom
494,,Colombia,cauca,7.83,7.75,7.33,7.25,7.42,7.92,10.0,10.0,10.0,83.08,Muito Bom
858,,Colombia,huila,7.58,7.5,7.17,7.58,7.33,7.33,10.0,10.0,10.0,81.83,Muito Bom
186,,Colombia,huila,7.75,7.58,7.33,7.83,7.58,8.08,10.0,10.0,10.0,84.33,Muito Bom
397,various,Colombia,huila,7.75,7.5,7.75,7.58,7.58,7.58,10.0,10.0,10.0,83.33,Muito Bom
623,,Colombia,huila,7.75,7.58,7.67,7.25,7.58,7.42,10.0,10.0,10.0,82.67,Muito Bom
772,,Colombia,huila,7.33,7.25,7.25,7.58,7.75,7.5,10.0,10.0,10.0,82.17,Muito Bom
439,,Colombia,cauca,8.0,7.67,7.67,7.25,7.67,7.5,10.0,10.0,10.0,83.25,Muito Bom
531,,Colombia,huila,7.5,7.58,7.67,7.67,7.58,7.58,10.0,10.0,10.0,83.0,Muito Bom
253,,Colombia,cauca,7.67,7.83,7.67,7.75,7.67,7.75,10.0,10.0,10.0,84.0,Muito Bom
1168,,Colombia,huila,7.25,7.17,7.0,6.75,7.17,7.33,10.0,10.0,10.0,79.58,Bom
229,,Colombia,huila,7.75,7.75,7.75,7.75,7.83,7.75,10.0,10.0,10.0,84.17,Muito Bom
648,various,Colombia,huila,7.75,7.5,7.75,7.25,7.33,7.58,10.0,10.0,10.0,82.58,Muito Bom
329,,Colombia,huila,7.75,7.75,7.58,7.83,7.17,7.75,10.0,10.0,10.0,83.67,Muito Bom
524,,Colombia,huila,7.67,7.58,7.58,7.58,7.67,7.42,10.0,10.0,10.0,83.0,Muito Bom
523,various,Colombia,huila,7.75,7.58,7.5,7.67,7.83,7.75,9.33,10.0,10.0,83.0,Muito Bom
522,,Colombia,,7.67,7.58,7.5,7.5,7.75,7.5,10.0,10.0,10.0,83.0,Muito Bom
632,,Colombia,huila,8.08,7.67,7.67,7.33,7.33,7.17,10.0,10.0,10.0,82.67,Muito Bom
949,,Colombia,cauca,7.75,7.33,7.42,7.0,7.33,7.25,10.0,10.0,10.0,81.42,Muito Bom
366,,Colombia,huila,7.58,7.75,7.42,7.67,7.75,7.67,10.0,10.0,10.0,83.5,Muito Bom
367,,Colombia,huila,7.58,7.67,7.58,7.75,7.58,7.75,10.0,10.0,10.0,83.5,Muito Bom
205,,Colombia,cauca,7.58,7.5,7.75,7.83,7.92,7.83,10.0,10.0,10.0,84.25,Muito Bom
85,various,Colombia,santander,8.17,7.92,7.83,8.0,7.58,7.83,10.0,10.0,10.0,85.25,Excelente
362,,Colombia,huila,8.0,7.58,7.25,7.58,7.92,7.58,10.0,10.0,10.0,83.5,Muito Bom
869,,Colombia,huila,7.33,7.42,7.33,7.33,7.5,7.67,10.0,10.0,10.0,81.75,Muito Bom
704,,Colombia,huila,7.33,7.58,7.17,7.58,7.42,7.58,10.0,10.0,10.0,82.42,Muito Bom
515,,Colombia,huila,7.83,7.5,7.58,7.33,7.5,7.67,10.0,10.0,10.0,83.0,Muito Bom
777,,Colombia,huila,7.58,7.67,7.42,7.17,7.17,7.75,10.0,10.0,10.0,82.17,Muito Bom
154,,Colombia,huila,7.67,7.83,7.83,8.0,7.58,7.92,10.0,10.0,10.0,84.58,Muito Bom
470,,Colombia,huila,7.58,7.67,7.5,7.58,7.67,7.67,10.0,10.0,10.0,83.17,Muito Bom
724,,Colombia,huila,7.5,7.42,7.5,7.5,7.5,7.58,10.0,10.0,10.0,82.33,Muito Bom
1037,,Colombia,huila,7.33,7.33,7.0,6.83,7.33,7.67,10.0,10.0,10.0,80.83,Muito Bom
753,,Colombia,huila,7.5,7.42,7.67,7.33,7.58,7.33,10.0,10.0,10.0,82.25,Muito Bom
288,,Colombia,huila,7.67,7.58,7.58,7.83,7.58,7.67,10.0,10.0,10.0,83.83,Muito Bom
308,,Colombia,huila,7.75,7.67,7.75,7.58,7.42,8.0,10.0,10.0,10.0,83.75,Muito Bom
414,,Colombia,huila,7.5,7.67,7.67,7.58,7.67,7.58,10.0,10.0,10.0,83.33,Muito Bom
156,various,Colombia,huila,7.42,7.67,7.75,7.75,8.08,7.83,10.0,10.0,10.0,84.58,Muito Bom
551,,Colombia,huila,7.75,7.5,7.25,7.5,7.75,7.5,10.0,10.0,10.0,82.92,Muito Bom
436,,Colombia,huila,7.67,7.58,7.58,7.42,7.83,7.58,10.0,10.0,10.0,83.25,Muito Bom
948,,Colombia,huila,7.5,7.42,7.25,7.17,7.17,7.75,10.0,10.0,10.0,81.42,Muito Bom
647,various,Colombia,huila,7.75,7.25,7.33,7.42,7.5,7.83,10.0,10.0,10.0,82.58,Muito Bom
307,,Colombia,huila,7.58,7.67,7.75,7.67,7.67,7.67,10.0,10.0,10.0,83.75,Muito Bom
705,,Colombia,huila,7.58,7.25,7.42,7.25,7.58,7.83,10.0,10.0,10.0,82.42,Muito Bom
392,various,Colombia,cundinamarca,7.5,7.75,7.58,7.5,7.67,7.75,10.0,10.0,10.0,83.42,Muito Bom
1172,,Colombia,cundinamarca,7.83,7.5,7.42,7.42,7.67,7.5,10.0,6.67,10.0,79.5,Bom
55,,Colombia,huila,8.0,8.0,8.0,8.17,7.83,8.0,10.0,10.0,10.0,85.92,Excelente
649,,Colombia,huila,7.58,7.5,7.42,7.58,7.67,7.42,10.0,10.0,10.0,82.58,Muito Bom
665,,Colombia,huila,7.5,7.5,7.42,7.42,7.58,7.58,10.0,10.0,10.0,82.5,Muito Bom
402,various,Colombia,santander,7.67,7.75,7.42,7.83,7.83,7.42,10.0,10.0,10.0,83.33,Muito Bom
438,,Colombia,huila,7.92,7.75,7.25,7.42,7.83,7.58,10.0,10.0,10.0,83.25,Muito Bom
325,various,Colombia,huila supremo,7.83,7.75,7.67,7.58,7.58,7.67,10.0,10.0,10.0,83.67,Muito Bom
440,,Colombia,cundinamarca,7.92,7.75,7.5,7.42,7.42,7.67,10.0,10.0,10.0,83.25,Muito Bom
429,,Colombia,huila,7.83,7.5,7.67,7.33,7.67,7.67,10.0,10.0,10.0,83.25,Muito Bom
833,,Colombia,cundinamarca,7.67,7.33,7.33,7.58,7.33,7.33,10.0,10.0,10.0,81.92,Muito Bom
1131,,Colombia,huila,7.83,7.67,7.58,7.75,7.83,7.17,6.67,10.0,10.0,79.92,Bom
361,,Colombia,huila,7.67,7.42,7.67,7.83,7.58,7.67,10.0,10.0,10.0,83.5,Muito Bom
163,,Colombia,cauca,8.08,7.67,7.83,7.83,7.67,7.67,10.0,10.0,10.0,84.5,Muito Bom
393,,Colombia,huila,7.58,7.58,7.58,7.67,7.75,7.67,10.0,10.0,10.0,83.42,Muito Bom
613,,Colombia,huila,7.75,7.5,7.33,7.58,7.33,7.75,10.0,10.0,10.0,82.67,Muito Bom
200,,Colombia,cauca,7.83,7.75,7.83,7.58,7.67,7.75,10.0,10.0,10.0,84.25,Muito Bom
267,,Colombia,huila,7.92,7.67,7.5,7.83,7.58,7.67,10.0,10.0,10.0,83.92,Muito Bom
268,,Colombia,huila,7.83,7.75,7.58,7.58,7.75,7.75,10.0,10.0,10.0,83.92,Muito Bom
21,el rodeo,United States,antioquia,8.0,8.25,8.08,8.5,8.25,8.0,10.0,10.0,10.0,87.25,Excelente
16,el águila,United States,antioquia,8.0,8.5,8.58,8.17,8.17,8.0,10.0,10.0,10.0,87.58,Excelente
12,el filo,United States,antioquia,8.25,8.42,8.17,8.33,8.08,8.17,10.0,10.0,10.0,87.92,Excelente
13,los cedros,United States,antioquia,8.08,8.67,8.33,8.42,8.0,8.08,10.0,10.0,10.0,87.92,Excelente
40,la primavera,United States,antioquia,7.67,8.17,8.0,8.0,8.17,8.08,10.0,10.0,10.0,86.17,Excelente
24,la curva,United States,antioquia,8.25,8.33,8.17,8.17,7.83,8.17,10.0,10.0,10.0,87.08,Excelente
344,,Colombia,cundinamarca,7.67,7.58,7.67,7.67,7.67,7.67,10.0,10.0,10.0,83.58,Muito Bom
249,,Colombia,santander,7.58,7.42,7.75,7.92,7.75,7.92,10.0,10.0,10.0,84.0,Muito Bom
387,,Colombia,huila,7.58,7.58,7.25,7.75,7.75,8.58,9.33,10.0,10.0,83.42,Muito Bom
86,,Colombia,santander,7.58,8.08,7.92,7.83,8.0,7.92,10.0,10.0,10.0,85.25,Excelente
1056,,Colombia,santander,7.67,7.5,7.42,7.67,7.5,7.75,10.0,10.0,6.67,80.67,Muito Bom
427,,Colombia,eje cafetero,7.58,7.58,7.5,7.58,7.58,7.75,10.0,10.0,10.0,83.25,Muito Bom
271,,Colombia,santander,7.67,7.83,7.67,7.75,7.67,7.83,10.0,10.0,10.0,83.92,Muito Bom
364,,Colombia,cundinamarca,7.75,7.58,7.33,7.5,7.83,7.83,10.0,10.0,10.0,83.5,Muito Bom
151,,Colombia,santander,7.67,7.67,7.58,7.75,7.58,8.5,10.0,10.0,10.0,84.58,Muito Bom
345,,Colombia,santander,7.67,7.58,7.67,7.58,7.67,7.75,10.0,10.0,10.0,83.58,Muito Bom
346,,Colombia,santander,7.75,7.58,7.5,7.58,7.75,7.83,10.0,10.0,10.0,83.58,Muito Bom
137,,Colombia,santander,7.75,7.83,7.75,7.83,7.75,7.83,10.0,10.0,10.0,84.67,Muito Bom
371,santo tomas pachuj,Guatemala,atitlan,7.83,7.5,7.5,8.0,7.67,7.5,10.0,10.0,10.0,83.5,Muito Bom
214,finca la joya,Guatemala,huehuetenango,7.75,7.75,7.58,8.0,7.67,7.83,10.0,10.0,10.0,84.17,Muito Bom
581,las merceditas,Guatemala,san marcos,7.5,7.67,7.17,7.67,7.67,7.58,10.0,10.0,10.0,82.75,Muito Bom
434,agropecuaria quiagral,Guatemala,oriente,7.83,7.58,7.08,7.83,7.42,8.08,10.0,10.0,10.0,83.25,Muito Bom
1229,el sacramento,Guatemala,oriente,7.17,7.17,6.5,7.17,7.0,6.83,10.0,10.0,10.0,78.33,Bom
150,el papaturro,Guatemala,oriente,8.0,7.92,7.67,7.58,7.58,7.67,10.0,10.0,10.0,84.58,Muito Bom
860,las merceditas,Guatemala,san marcos,7.5,7.5,7.25,7.42,7.42,7.33,10.0,10.0,10.0,81.75,Muito Bom
1004,el papaturro,Guatemala,oriente,7.5,7.25,7.0,7.25,7.5,7.25,10.0,10.0,10.0,81.0,Muito Bom
1025,el morito,Guatemala,jalapa,7.58,7.42,6.92,7.5,7.25,7.17,10.0,10.0,10.0,80.92,Muito Bom
1187,chapultepec,Guatemala,occidente,7.08,7.0,6.92,7.42,7.0,6.92,10.0,10.0,10.0,79.17,Bom
548,finca medina,Guatemala,antigua,7.67,7.83,7.42,7.5,7.33,7.5,10.0,10.0,10.0,82.92,Muito Bom
289,finca el morito,Guatemala,oriente,7.5,7.83,7.5,7.83,7.83,7.67,10.0,10.0,10.0,83.83,Muito Bom
388,el papaturro,Guatemala,oriente,7.75,7.83,7.33,7.83,7.5,7.67,10.0,10.0,10.0,83.42,Muito Bom
451,finca medina,Guatemala,antigua,7.5,7.75,7.5,7.83,7.58,7.5,10.0,10.0,10.0,83.17,Muito Bom
1057,santo tomas pachuj,Guatemala,"san lucas toliman, solola",7.67,7.17,7.0,7.5,7.0,7.0,10.0,10.0,10.0,80.67,Muito Bom
84,la esperanza y anexos,Guatemala,oriente,8.0,7.92,7.75,8.0,7.92,7.83,10.0,10.0,10.0,85.25,Excelente
165,el sacramento,Guatemala,oriente,8.17,7.83,7.67,7.83,7.67,7.83,10.0,10.0,10.0,84.5,Muito Bom
334,finca medina,Guatemala,"sacatepequez, guatemala",7.67,7.5,7.33,8.0,7.67,7.67,10.0,10.0,10.0,83.67,Muito Bom
1176,various,Guatemala,oriente,7.25,7.33,6.83,7.0,7.0,7.17,10.0,10.0,10.0,79.42,Bom
377,piamonte,Guatemala,san marcos,7.67,7.75,7.5,7.58,7.58,7.67,10.0,10.0,10.0,83.42,Muito Bom
230,el limon,Guatemala,guatemala,7.83,7.5,7.5,8.0,7.83,7.83,10.0,10.0,10.0,84.17,Muito Bom
561,piamonte,Guatemala,san marcos,7.5,7.58,7.33,7.67,7.58,7.58,10.0,10.0,10.0,82.83,Muito Bom
854,el sacramento,Guatemala,oriente,7.83,7.67,7.33,7.33,7.67,7.83,9.33,10.0,9.33,81.83,Muito Bom
389,finca medina,Guatemala,antigua,7.67,7.75,7.5,7.83,7.58,7.5,10.0,10.0,10.0,83.42,Muito Bom
1188,el chile,Guatemala,nuevo oriente,7.25,7.17,6.75,7.25,7.0,6.92,10.0,10.0,10.0,79.17,Bom
718,el morito,Guatemala,jalapa,7.58,7.67,7.5,7.58,7.75,7.5,9.33,10.0,10.0,82.33,Muito Bom
1113,agropecuaria quiagral,Guatemala,oriente,7.33,7.33,7.0,7.33,7.0,7.0,10.0,10.0,10.0,80.17,Muito Bom
278,finca medina,Guatemala,antigua,7.75,7.75,7.5,7.75,7.83,7.58,10.0,10.0,10.0,83.83,Muito Bom
817,las delicias,Guatemala,santa rosa,7.5,7.5,7.25,7.42,7.42,7.42,10.0,10.0,10.0,81.92,Muito Bom
676,piamonte,Guatemala,san marcos,7.58,7.5,7.33,7.75,7.33,7.5,10.0,10.0,10.0,82.42,Muito Bom
411,el sacramento,Guatemala,oriente,7.83,7.67,7.17,7.67,7.67,7.67,10.0,10.0,10.0,83.33,Muito Bom
1141,piamonte,Guatemala,san marcos,7.33,7.25,6.92,7.33,7.25,7.33,9.33,10.0,10.0,79.83,Bom
196,finca san vicente,Guatemala,huehuetenango,7.75,7.92,7.5,8.08,7.58,7.67,10.0,10.0,10.0,84.25,Muito Bom
1217,various,Guatemala,oriente,7.33,7.17,6.92,7.58,7.25,7.17,8.67,9.33,10.0,78.58,Bom
1040,finca los cerros y anexos,Guatemala,huehuetenango,7.5,7.33,7.0,7.42,7.17,7.17,10.0,10.0,10.0,80.75,Muito Bom
727,finca el morito,Guatemala,jalapa,7.67,7.5,7.33,7.67,7.5,7.33,10.0,10.0,10.0,82.33,Muito Bom
730,agropecuaria quiagral,Guatemala,oriente,7.5,7.67,7.33,7.5,7.33,7.5,10.0,10.0,10.0,82.33,Muito Bom
195,finca medina,Guatemala,antigua,7.75,7.75,7.58,7.92,7.75,7.75,10.0,10.0,10.0,84.25,Muito Bom
1284,conquista / morito,Guatemala,oriente,6.75,6.5,6.17,7.0,7.25,6.75,8.0,10.0,10.0,74.75,Bom
331,agropecuaria quiagral,Guatemala,oriente,7.67,8.17,7.5,7.42,7.58,7.83,10.0,10.0,10.0,83.67,Muito Bom
1175,el papaturro,Guatemala,oriente,7.08,7.33,7.25,7.58,7.33,7.42,9.33,9.33,9.33,79.42,Bom
149,el morito,Guatemala,jalapa,7.75,7.83,7.67,7.92,7.75,7.83,10.0,10.0,10.0,84.58,Muito Bom
247,el papaturro,Guatemala,oriente,7.75,7.83,7.5,7.83,7.58,7.67,10.0,10.0,10.0,84.0,Muito Bom
570,finca medina,Guatemala,antigua,7.67,7.67,7.75,7.67,7.42,7.17,10.0,10.0,10.0,82.83,Muito Bom
812,el faro,Guatemala,san marcos,7.33,7.33,7.33,7.5,7.67,7.67,10.0,10.0,10.0,82.0,Muito Bom
169,nueva granada,Guatemala,"el tumbador, san marcos",7.67,8.0,7.67,8.0,7.5,7.83,10.0,10.0,10.0,84.5,Muito Bom
911,las delicias,Guatemala,santa rosa,7.67,7.58,7.17,7.42,7.33,7.42,9.33,10.0,10.0,81.5,Muito Bom
1145,la esperanza,Guatemala,oriente,7.5,7.42,7.25,7.58,7.33,7.42,9.33,9.33,9.33,79.75,Bom
634,la esmeralda,Guatemala,oriente,7.5,7.42,7.42,7.75,7.5,7.5,10.0,10.0,10.0,82.58,Muito Bom
215,santo tomas pachuj,Guatemala,solola,7.75,7.92,7.58,7.92,7.67,7.67,10.0,10.0,10.0,84.17,Muito Bom
747,finca medina,Guatemala,antigua,7.5,7.5,7.33,7.58,7.67,7.33,10.0,10.0,10.0,82.25,Muito Bom
1276,conquista / morito,Guatemala,oriente,6.67,6.5,6.33,7.0,7.17,6.75,8.67,10.0,10.0,75.58,Bom
821,las cebollas y anexos,Guatemala,nuevo oriente,7.58,7.58,7.17,7.83,7.17,7.33,10.0,10.0,10.0,81.92,Muito Bom
547,finca medina,Guatemala,antigua,7.75,7.5,7.42,7.58,7.67,7.5,10.0,10.0,10.0,82.92,Muito Bom
838,chapultepec,Guatemala,norte,7.58,7.5,7.33,7.42,7.58,7.25,10.0,10.0,10.0,81.83,Muito Bom
328,el sacramento,Guatemala,oriente,7.83,7.67,7.33,7.67,7.67,7.83,10.0,10.0,10.0,83.67,Muito Bom
1059,chiquimulja / alpha cafe / senfro,Guatemala,oriente,7.0,7.5,7.33,7.17,7.17,7.17,10.0,10.0,10.0,80.67,Muito Bom
70,asoperc,Guatemala,huehuetenango,8.0,7.83,7.67,8.33,7.83,8.0,10.0,10.0,10.0,85.5,Excelente
464,finca el morito,Guatemala,oriente,7.67,7.83,7.33,7.67,7.5,7.67,10.0,10.0,10.0,83.17,Muito Bom
420,linda vista,Guatemala,nuevo oriente,7.5,7.58,7.42,7.83,7.67,7.58,10.0,10.0,10.0,83.25,Muito Bom
666,la esperanza y anexos,Guatemala,oriente,7.83,7.67,7.17,7.33,7.5,7.67,10.0,10.0,10.0,82.5,Muito Bom
1209,la castellana,Guatemala,oriente,7.33,7.08,6.33,7.25,7.0,7.0,10.0,10.0,10.0,78.75,Bom
244,finca los cerros y anexos,Guatemala,huehuetenango,7.67,7.83,7.58,7.92,7.75,7.67,10.0,10.0,10.0,84.0,Muito Bom
1255,various,Guatemala,oriente,7.33,7.0,6.83,7.17,7.17,7.17,9.33,9.33,9.33,77.33,Bom
1182,conquista / morito,Guatemala,oriente,7.17,6.5,6.33,7.25,7.58,7.33,10.0,10.0,10.0,79.33,Bom
1310,finca el limon,Guatemala,nuevo oriente,7.5,6.67,6.67,7.67,7.33,6.67,8.0,1.33,1.33,59.83,Bom
1066,finca el naranjal,Guatemala,huehuetenango,7.17,7.42,6.83,7.5,7.17,7.25,10.0,10.0,10.0,80.58,Muito Bom
211,piamonte,Guatemala,san marcos,7.75,7.83,7.58,7.83,7.67,7.75,10.0,10.0,10.0,84.17,Muito Bom
1078,barranca de las flores,Guatemala,huehuetenango,7.5,7.5,7.0,7.67,7.17,7.0,10.0,10.0,10.0,80.5,Muito Bom
889,finca el morito,Guatemala,jalapa,7.5,7.67,7.33,7.33,7.33,7.33,10.0,10.0,10.0,81.67,Muito Bom
442,beneficio el torreon,Guatemala,oriente,7.58,7.58,7.33,7.67,7.75,7.58,10.0,10.0,10.0,83.17,Muito Bom
246,el papaturro,Guatemala,oriente,7.92,7.67,7.42,7.92,7.75,7.83,10.0,10.0,10.0,84.0,Muito Bom
582,las delicias,Guatemala,santa rosa,7.5,7.5,7.42,7.58,7.67,7.5,10.0,10.0,10.0,82.75,Muito Bom
919,various,Guatemala,oriente,7.5,7.42,7.17,7.58,7.25,7.42,10.0,10.0,10.0,81.5,Muito Bom
1263,conquista / morito,Guatemala,oriente,6.42,6.5,6.5,7.33,6.33,6.92,10.0,10.0,10.0,76.5,Bom
677,las merceditas,Guatemala,san marcos,7.67,7.58,7.25,7.67,7.42,7.33,10.0,10.0,10.0,82.42,Muito Bom
59,finca el limon,Guatemala,nuevo oriente,8.0,8.0,7.83,8.33,7.83,7.83,10.0,10.0,10.0,85.83,Excelente
58,valparaiso,Guatemala,acatenango,7.83,8.0,8.0,8.17,7.83,8.0,10.0,10.0,10.0,85.83,Excelente
1228,various,Guatemala,oriente,7.17,6.5,6.67,7.0,7.17,7.17,10.0,10.0,10.0,78.33,Bom
873,la esmeralda,Guatemala,santa rosa,7.42,7.33,7.17,7.67,7.33,7.42,10.0,10.0,10.0,81.67,Muito Bom
525,la igualdad,Guatemala,"la reforma, san marcos",7.5,7.67,7.5,7.67,7.5,7.83,10.0,10.0,10.0,83.0,Muito Bom
227,la union monte verde,Guatemala,oriente,7.92,7.75,7.67,7.67,7.83,7.92,10.0,10.0,10.0,84.17,Muito Bom
595,el morito,Guatemala,jalapa,7.75,7.42,7.25,7.75,7.5,7.67,10.0,10.0,10.0,82.75,Muito Bom
1239,various,Guatemala,oriente,7.42,7.25,6.83,7.33,7.0,6.92,9.33,9.33,9.33,78.0,Bom
1161,la castellana,Guatemala,oriente,7.5,7.0,6.83,7.08,7.08,7.17,10.0,10.0,10.0,79.67,Bom
1091,la castellana,Guatemala,oriente,7.33,7.33,6.83,7.5,7.0,7.17,10.0,10.0,10.0,80.33,Muito Bom
970,finca medina,Guatemala,"sacatepequez, guatemala",7.5,7.33,7.5,7.58,7.0,7.25,10.0,10.0,10.0,81.25,Muito Bom
356,la esperanza,Guatemala,oriente,7.67,7.75,7.5,7.83,7.58,7.58,10.0,10.0,10.0,83.5,Muito Bom
1002,chapultepec,Guatemala,norte,7.42,7.25,7.17,7.5,7.25,7.17,10.0,10.0,10.0,81.0,Muito Bom
428,finca medina,Guatemala,antigua,7.5,7.67,7.58,7.67,7.67,7.5,10.0,10.0,10.0,83.25,Muito Bom
139,agropecuaria quiagral,Guatemala,oriente,8.0,7.83,7.67,7.83,7.67,8.0,10.0,10.0,10.0,84.67,Muito Bom
566,el papaturro,Guatemala,oriente,7.58,7.58,7.33,7.67,7.67,7.5,10.0,10.0,10.0,82.83,Muito Bom
1249,el sacramento,Guatemala,oriente,7.0,6.83,6.67,7.17,6.83,6.83,10.0,10.0,10.0,77.83,Bom
446,finca medina,Guatemala,antigua,7.67,7.75,7.42,7.75,7.58,7.5,10.0,10.0,10.0,83.17,Muito Bom
657,la esperanza,Guatemala,oriente,7.5,7.5,7.33,7.5,7.67,7.5,10.0,10.0,10.0,82.5,Muito Bom
1275,agropecuaria quiagral,Guatemala,oriente,7.92,7.58,7.17,7.58,7.33,7.17,8.0,8.0,8.0,75.58,Bom
1288,la castellana,Guatemala,oriente,6.5,6.33,6.5,7.5,7.33,6.83,8.67,10.0,8.67,74.33,Bom
1265,agropecuaria quiagral,Guatemala,oriente,7.5,7.0,6.83,7.5,7.17,7.33,8.67,8.67,8.67,76.33,Bom
505,nueva granada,Guatemala,"el tumbador, san marcos",7.75,7.67,7.33,7.75,7.5,7.42,10.0,10.0,10.0,83.0,Muito Bom
1231,conquista / morito,Guatemala,oriente,7.17,6.08,6.17,7.25,7.33,7.33,10.0,10.0,10.0,78.33,Bom
834,la esmeralda,Guatemala,oriente,7.42,7.5,7.25,7.5,7.33,7.42,10.0,10.0,10.0,81.83,Muito Bom
452,"la esperanza, margarita nuyes",Guatemala,oriente,7.92,7.67,7.42,7.75,7.5,7.5,10.0,10.0,10.0,83.17,Muito Bom
583,la esmeralda,Guatemala,oriente,7.42,7.58,7.42,7.67,7.5,7.5,10.0,10.0,10.0,82.75,Muito Bom
579,providencia,Guatemala,santa rosa,7.5,7.58,7.42,7.67,7.58,7.5,10.0,10.0,10.0,82.75,Muito Bom
511,grupo medina (pequeños productores),Guatemala,antigua,7.67,7.67,7.42,7.83,7.5,7.5,10.0,10.0,10.0,83.0,Muito Bom
1058,chiquimulja / alpha cafe / senfro,Guatemala,oriente,7.0,7.33,7.5,7.33,7.0,7.33,10.0,10.0,10.0,80.67,Muito Bom
552,finca los cerros y anexos,Guatemala,huehuetenango,7.83,7.75,7.25,7.92,7.5,7.17,10.0,10.0,10.0,82.92,Muito Bom
914,las delicias,Guatemala,santa rosa,7.5,7.42,7.25,7.25,7.5,7.25,10.0,10.0,10.0,81.5,Muito Bom
324,finca las cuevitas,Guatemala,huehuetenango,8.0,7.5,7.33,8.0,8.0,8.0,9.33,10.0,10.0,83.67,Muito Bom
1193,las merceditas,Guatemala,san marcos,7.58,7.67,7.42,7.42,7.67,7.67,8.67,8.67,8.67,79.08,Bom
723,el morito,Guatemala,oriente,7.5,7.42,7.58,7.5,7.5,7.58,10.0,10.0,10.0,82.33,Muito Bom
327,la union monte verde,Guatemala,oriente,7.67,7.67,7.42,7.67,8.0,7.75,10.0,10.0,10.0,83.67,Muito Bom
585,la esmeralda,Guatemala,el progreso,7.58,7.58,7.33,7.58,7.33,7.67,10.0,10.0,10.0,82.75,Muito Bom
580,linda vista,Guatemala,santa rosa,7.58,7.67,7.5,7.58,7.5,7.42,10.0,10.0,10.0,82.75,Muito Bom
1075,various,Guatemala,oriente,7.5,7.17,6.83,7.5,7.17,7.17,10.0,10.0,10.0,80.5,Muito Bom
670,various,Guatemala,oriente,7.67,7.33,7.33,7.33,7.5,7.83,10.0,10.0,10.0,82.5,Muito Bom
904,el morito,Guatemala,oriente,7.42,7.33,7.17,7.58,7.42,7.5,10.0,10.0,10.0,81.58,Muito Bom
390,el morito,Guatemala,oriente,7.67,7.5,7.75,7.42,7.75,7.75,10.0,10.0,10.0,83.42,Muito Bom
936,nueva granada,Guatemala,san marcos,7.42,7.33,7.08,7.58,7.33,7.25,10.0,10.0,10.0,81.42,Muito Bom
897,la esperanza,Guatemala,huehuetenango,7.42,7.42,7.08,7.5,7.42,7.33,10.0,10.0,10.0,81.58,Muito Bom
461,nueva granada,Guatemala,san marcos,7.33,7.83,7.17,8.17,7.33,7.67,10.0,10.0,10.0,83.17,Muito Bom
942,santo tomas pachuj,Guatemala,"san lucas toliman, solola",7.42,7.5,7.17,7.42,7.42,7.42,10.0,10.0,10.0,81.42,Muito Bom
1241,la union monte verde,Guatemala,oriente,7.0,6.83,6.83,7.17,6.67,6.83,10.0,10.0,10.0,78.0,Bom
737,linda vista,Guatemala,nuevo oriente,7.67,7.5,7.25,7.67,7.42,7.42,10.0,10.0,10.0,82.25,Muito Bom
945,la union monte verde,Guatemala,oriente,7.42,7.33,7.25,7.42,7.42,7.5,10.0,10.0,10.0,81.42,Muito Bom
216,chapultepec,Guatemala,norte,7.58,7.83,7.58,7.83,7.83,7.67,10.0,10.0,10.0,84.17,Muito Bom
1109,el morito,Guatemala,oriente,7.33,7.33,7.0,7.17,7.17,7.17,10.0,10.0,10.0,80.17,Muito Bom
285,el papaturro,Guatemala,oriente,7.58,7.83,7.33,8.0,7.58,7.75,10.0,10.0,10.0,83.83,Muito Bom
1246,conquista / morito,Guatemala,oriente,7.17,6.17,6.17,7.08,7.33,6.83,10.0,10.0,10.0,77.92,Bom
140,valparaiso,Guatemala,acatenango,7.67,7.83,7.67,8.0,7.67,7.83,10.0,10.0,10.0,84.67,Muito Bom
1285,conquista / morito,Guatemala,oriente,6.75,6.67,6.17,7.17,7.0,6.58,8.0,10.0,10.0,74.75,Bom
932,chiquimulja / alpha cafe / senfro,Guatemala,oriente,7.33,7.5,7.33,7.42,7.17,7.33,10.0,10.0,10.0,81.5,Muito Bom
872,las merceditas,Guatemala,san marcos,7.42,7.42,7.08,7.42,7.33,7.42,10.0,10.0,10.0,81.67,Muito Bom
715,finca loma linda y anexo,Guatemala,huehuetenango,7.5,7.42,7.17,7.83,7.5,7.5,10.0,10.0,10.0,82.33,Muito Bom
1015,la esperanza,Guatemala,oriente,7.67,7.67,7.33,7.58,7.67,7.5,9.33,9.33,9.33,80.92,Muito Bom
504,el chile,Guatemala,nuevo oriente,7.67,7.75,7.33,7.92,7.42,7.5,10.0,10.0,10.0,83.0,Muito Bom
625,finca medina,Guatemala,antigua,7.67,7.67,7.17,7.67,7.5,7.5,10.0,10.0,10.0,82.67,Muito Bom
678,la esmeralda,Guatemala,el progreso,7.58,7.5,7.25,7.67,7.5,7.5,10.0,10.0,10.0,82.42,Muito Bom
816,la esperanza,Guatemala,oriente,7.58,7.5,7.25,7.58,7.58,7.5,9.33,10.0,10.0,81.92,Muito Bom
1158,la esmeralda,Guatemala,oriente,7.42,7.42,7.25,7.58,7.42,7.33,9.33,9.33,9.33,79.67,Bom
130,san diego buena vista,Guatemala,acatenango,7.75,7.83,7.58,8.0,7.92,7.75,10.0,10.0,10.0,84.67,Muito Bom
1266,conquista / morito,Guatemala,oriente,6.17,6.5,6.5,7.17,7.0,6.83,10.0,10.0,10.0,76.33,Bom
506,finca medina,Guatemala,antigua,7.83,7.67,7.25,7.67,7.75,7.5,10.0,10.0,10.0,83.0,Muito Bom
679,providencia,Guatemala,santa rosa,7.5,7.42,7.08,7.75,7.67,7.5,10.0,10.0,10.0,82.42,Muito Bom
1070,el guayabo,Guatemala,santa rosa,7.33,7.25,7.08,7.17,7.25,7.17,10.0,10.0,10.0,80.5,Muito Bom
337,finca santa clara,Guatemala,huehuetenango,7.75,7.75,7.5,7.83,7.58,7.58,10.0,10.0,10.0,83.58,Muito Bom
53,la esperanza y anexos,Guatemala,nuevo oriente,7.92,8.08,7.92,8.08,8.08,7.83,10.0,10.0,10.0,85.92,Excelente
664,la union monte verde,Guatemala,oriente,7.83,7.42,7.33,7.67,7.42,7.5,10.0,10.0,10.0,82.5,Muito Bom
204,el papaturro,Guatemala,oriente,7.83,7.83,7.5,7.92,7.58,7.75,10.0,10.0,10.0,84.25,Muito Bom
1185,las delicias,Guatemala,santa rosa,7.33,7.42,7.33,7.42,7.5,7.42,8.67,9.33,9.33,79.17,Bom
1253,la esperanza y anexos,Guatemala,oriente,7.08,6.92,6.33,7.0,6.92,7.0,10.0,10.0,10.0,77.42,Bom
1199,various,Guatemala,oriente,7.33,7.17,6.58,7.42,7.08,6.83,10.0,10.0,10.0,79.0,Bom
576,agropecuaria quiagral,Guatemala,oriente,7.67,7.67,7.33,7.5,7.33,7.92,10.0,10.0,10.0,82.83,Muito Bom
1052,finca medina,Guatemala,antigua,7.67,7.42,6.83,7.17,7.42,7.17,10.0,10.0,10.0,80.67,Muito Bom
235,la esperanza y anexos,Guatemala,oriente,8.0,7.75,7.5,7.58,7.92,7.67,10.0,10.0,10.0,84.08,Muito Bom
976,los hicaques,Honduras,central region,7.42,7.33,7.0,7.42,7.33,7.33,10.0,10.0,10.0,81.17,Muito Bom
460,los hicaques,Honduras,comayagua,7.67,7.67,7.5,7.67,7.5,7.67,10.0,10.0,10.0,83.17,Muito Bom
849,gran manzana y el aguacate,Honduras,comayagua,7.5,7.5,7.33,7.33,7.33,7.33,10.0,10.0,10.0,81.83,Muito Bom
1045,los hicaques,Honduras,central region,7.25,7.33,7.08,7.5,7.25,7.33,10.0,10.0,10.0,80.75,Muito Bom
365,los hicaques,Honduras,comayagua,7.67,7.5,7.67,7.5,7.67,7.67,10.0,10.0,10.0,83.5,Muito Bom
883,gran manzana y el aguacate,Honduras,comayagua,7.5,7.33,7.5,7.5,7.17,7.17,10.0,10.0,10.0,81.67,Muito Bom
896,various,Honduras,western region,7.5,7.42,7.08,7.42,7.5,7.33,10.0,10.0,10.0,81.58,Muito Bom
764,bethel,Honduras,marcala,7.67,7.5,7.25,7.42,7.58,7.42,10.0,10.0,10.0,82.17,Muito Bom
1305,cerro bueno,Honduras,marcala,7.0,6.17,6.17,6.67,6.5,6.17,8.0,8.0,8.0,69.17,Bom
938,cerro bueno,Honduras,marcala,7.5,7.33,7.17,7.25,7.5,7.42,10.0,10.0,10.0,81.42,Muito Bom
874,bethel,Honduras,marcala,7.58,7.5,7.33,7.33,7.42,7.25,10.0,10.0,10.0,81.67,Muito Bom
955,bethel,Honduras,marcala,7.58,7.42,7.17,7.42,7.17,7.17,10.0,10.0,10.0,81.33,Muito Bom
123,cerro bueno,Honduras,marcala,7.83,7.75,8.0,7.67,7.67,7.67,10.0,10.0,10.0,84.75,Muito Bom
1044,bethel,Honduras,marcala,7.42,7.17,7.08,7.42,7.25,7.25,10.0,10.0,10.0,80.75,Muito Bom
843,cerro bueno,Honduras,marcala,7.5,7.5,7.33,7.5,7.42,7.25,10.0,10.0,10.0,81.83,Muito Bom
1306,cerro bueno,Honduras,marcala,7.0,6.33,6.17,6.5,6.67,6.17,8.0,8.0,8.0,69.17,Bom
966,cerro bueno,Honduras,marcala,7.42,7.17,7.17,7.5,7.33,7.25,10.0,10.0,10.0,81.25,Muito Bom
740,bethel,Honduras,marcala,7.58,7.5,7.42,7.58,7.42,7.42,10.0,10.0,10.0,82.25,Muito Bom
1304,cerro bueno,Honduras,marcala,6.67,6.5,6.17,6.67,6.83,6.17,8.0,8.0,8.0,69.33,Bom
1108,cerro bueno,Honduras,marcala,7.25,7.25,7.0,7.17,7.08,7.08,10.0,10.0,10.0,80.17,Muito Bom
1080,bethel,Honduras,marcala,7.25,7.42,7.0,7.42,7.33,7.0,10.0,10.0,10.0,80.42,Muito Bom
447,bethel,Honduras,marcala,7.67,7.67,7.5,7.67,7.5,7.67,10.0,10.0,10.0,83.17,Muito Bom
913,las cuchillas,Honduras,comayagua,7.5,7.5,7.33,7.42,7.17,7.25,10.0,10.0,10.0,81.5,Muito Bom
656,las cuchillas,Honduras,comayagua,7.58,7.58,7.33,7.5,7.5,7.5,10.0,10.0,10.0,82.5,Muito Bom
759,el brigadum - la coronela,Nicaragua,jinotega,7.5,7.5,7.33,7.42,7.5,7.42,10.0,10.0,10.0,82.17,Muito Bom
1096,las moras,Honduras,comayagua,7.25,7.25,7.0,7.0,7.42,7.0,10.0,10.0,10.0,80.25,Muito Bom
758,las cuchillas,Honduras,comayagua,7.5,7.5,7.17,7.42,7.5,7.5,10.0,10.0,10.0,82.17,Muito Bom
317,los hicaques,Honduras,comayagua,7.5,7.5,7.67,7.67,8.0,8.0,10.0,10.0,10.0,83.67,Muito Bom
243,las cuchillas,Honduras,comayagua,7.42,7.83,7.75,7.92,7.75,7.58,10.0,10.0,10.0,84.0,Muito Bom
796,las moras,Honduras,guinope el paraíso,7.5,7.5,7.25,7.33,7.42,7.5,10.0,10.0,10.0,82.0,Muito Bom
29,los hicaques,Honduras,comayagua,8.17,8.08,8.08,8.0,8.08,8.0,10.0,10.0,10.0,86.67,Excelente
1312,los hicaques,Honduras,comayagua,0.0,0.0,0.0,0.0,0.0,0.0,0.0,0.0,0.0,0.0,Bom
952,las cuchillas,Honduras,comayagua,7.5,7.5,7.0,7.17,7.5,7.33,10.0,10.0,10.0,81.33,Muito Bom
181,las cuchillas,Honduras,comayagua,7.92,8.0,7.75,7.67,7.67,7.75,10.0,10.0,10.0,84.33,Muito Bom
706,los hicaques,Honduras,comayagua,7.5,7.58,7.33,7.5,7.42,7.42,10.0,10.0,10.0,82.33,Muito Bom
818,los hicaques,Honduras,comayagua,7.58,7.5,7.25,7.33,7.42,7.5,10.0,10.0,10.0,81.92,Muito Bom
183,los hicaques,Honduras,central region,7.58,7.92,7.58,7.75,7.92,7.75,10.0,10.0,10.0,84.33,Muito Bom
795,las moras,Honduras,el paraíso,7.5,7.5,7.17,7.5,7.5,7.42,10.0,10.0,10.0,82.0,Muito Bom
589,los hicaques,Honduras,comayagua,7.58,7.5,7.42,7.58,7.5,7.5,10.0,10.0,10.0,82.75,Muito Bom
1042,juan damaso,Honduras,"siguatepeque, comayagua",7.5,7.33,7.0,7.42,7.25,7.17,10.0,10.0,10.0,80.75,Muito Bom
1065,bsr,Honduras,occidental,7.5,7.17,7.0,7.42,7.33,7.0,10.0,10.0,10.0,80.58,Muito Bom
805,bsr,Honduras,occidental,7.33,7.33,7.33,7.5,7.5,7.83,10.0,10.0,10.0,82.0,Muito Bom
1186,la bendicion,Honduras,ocotepeque,7.58,7.0,6.75,6.92,7.0,6.92,10.0,10.0,10.0,79.17,Bom
1071,la bendicion,Honduras,ocotepeque,7.58,7.33,7.0,7.17,7.33,7.08,10.0,10.0,10.0,80.5,Muito Bom
459,el cerron,Honduras,san marcos,7.5,7.5,7.5,7.67,7.67,7.67,10.0,10.0,10.0,83.17,Muito Bom
959,el cerron,Honduras,san marcos,7.33,7.33,7.17,7.33,7.5,7.33,10.0,10.0,10.0,81.33,Muito Bom
1006,el cerron,Honduras,san marcos,7.42,7.25,7.25,7.33,7.25,7.17,10.0,10.0,10.0,81.0,Muito Bom
972,las promesas de san blass,Nicaragua,"dipilto, nueva segovia",7.33,7.5,7.17,7.17,7.58,7.17,10.0,10.0,10.0,81.17,Muito Bom
1309,finca las marías,Nicaragua,jalapa,7.25,6.58,6.33,6.25,6.42,6.08,6.0,6.0,6.0,63.08,Bom
912,finca las marías,Nicaragua,jalapa,7.5,7.42,7.33,7.33,7.25,7.33,10.0,10.0,10.0,81.5,Muito Bom
1207,finca las marías,Nicaragua,jalapa,7.17,7.0,6.92,7.0,7.0,7.0,10.0,10.0,10.0,78.83,Bom
1215,los saltarines,Nicaragua,nueva segovia,7.08,7.0,6.75,6.83,7.08,6.92,10.0,10.0,10.0,78.58,Bom
1062,los saltarines,Nicaragua,nueva segovia,7.08,7.5,7.0,7.25,7.42,7.0,10.0,10.0,10.0,80.58,Muito Bom
1200,various,Honduras,intibuca,7.0,7.0,7.0,7.0,7.0,7.0,10.0,10.0,10.0,79.0,Bom
1294,various,Honduras,intibuca,7.0,7.17,6.83,7.17,7.0,7.17,8.0,8.0,8.0,73.42,Bom
1237,various,Honduras,intibuca,6.83,7.0,6.67,7.0,7.0,6.83,10.0,10.0,10.0,78.0,Bom
1272,various,Honduras,intibuca,6.83,6.83,6.67,6.83,7.0,6.83,9.33,8.67,10.0,76.0,Bom
876,santa matilde,Nicaragua,jinotega,7.58,7.5,7.25,7.25,7.5,7.25,10.0,10.0,10.0,81.67,Muito Bom
318,santa matilde,Nicaragua,jinotega,7.67,7.75,7.67,7.67,7.83,7.58,10.0,10.0,10.0,83.67,Muito Bom
1123,santa matilde,Nicaragua,jinotega,7.33,7.08,6.92,7.08,7.42,7.17,10.0,10.0,10.0,80.0,Muito Bom
567,santa fé 2,Brazil,cerrado,7.58,7.83,7.33,7.67,7.42,7.33,10.0,10.0,10.0,82.83,Muito Bom
219,pantano,Brazil,cerrado,7.67,7.75,7.75,7.67,7.83,7.75,10.0,10.0,10.0,84.17,Muito Bom
954,fazenda sacramento,Brazil,cerrado,7.25,7.33,7.33,7.33,7.33,7.42,10.0,10.0,10.0,81.33,Muito Bom
937,fazenda rio brilhante,Brazil,cerrado,7.33,7.5,7.5,7.33,6.83,7.42,10.0,10.0,10.0,81.42,Muito Bom
836,helena,Brazil,monte carmelo,7.42,7.5,7.42,7.5,7.42,7.25,10.0,10.0,10.0,81.83,Muito Bom
636,,Brazil,south of minas,7.5,7.58,7.42,7.5,7.75,7.33,10.0,10.0,10.0,82.58,Muito Bom
708,,Brazil,cerrado,7.42,7.42,7.42,7.5,7.5,7.58,10.0,10.0,10.0,82.33,Muito Bom
819,santa bárbara,Brazil,monte carmelo,7.42,7.33,7.33,7.5,7.5,7.33,10.0,10.0,10.0,81.92,Muito Bom
498,fazenda capoeirnha,Brazil,south of minas,7.5,7.58,7.58,7.67,7.58,7.5,10.0,10.0,10.0,83.0,Muito Bom
481,capoeirinha,Brazil,south of minas,7.58,7.58,7.58,7.5,7.67,7.58,10.0,10.0,10.0,83.08,Muito Bom
280,rio verde,Brazil,south of minas,7.25,7.58,7.42,8.0,7.75,7.83,10.0,10.0,10.0,83.83,Muito Bom
497,fazenda capoeirnha,Brazil,south of minas,7.58,7.5,7.5,7.75,7.67,7.5,10.0,10.0,10.0,83.0,Muito Bom
482,rio verde,Brazil,south of minas,7.33,7.67,7.67,7.33,7.75,7.42,10.0,10.0,10.0,83.08,Muito Bom
608,capoeirinha,Brazil,south of minas,7.5,7.58,7.25,7.75,7.58,7.5,10.0,10.0,10.0,82.67,Muito Bom
964,rio verde,Brazil,south of minas,7.17,7.42,7.17,7.08,6.92,8.17,10.0,10.0,10.0,81.25,Muito Bom
262,capoeirinha,Brazil,south of minas,7.58,7.67,7.67,7.75,7.58,7.83,10.0,10.0,10.0,83.92,Muito Bom
562,capoeirinha,Brazil,south of minas,7.67,7.58,7.58,7.5,7.5,7.42,10.0,10.0,10.0,82.83,Muito Bom
871,fazenda capoeirnha,Brazil,south of minas,7.42,7.5,7.25,7.5,7.5,7.25,10.0,10.0,10.0,81.67,Muito Bom
780,fazenda capoeirnha,Brazil,south of minas,7.42,7.58,7.42,7.5,7.42,7.25,10.0,10.0,10.0,82.08,Muito Bom
654,fazenda capoeirnha,Brazil,south of minas,7.5,7.5,7.5,7.5,7.58,7.5,10.0,10.0,10.0,82.5,Muito Bom
499,capoeirinha,Brazil,south of minas,7.5,7.67,7.58,7.67,7.58,7.42,10.0,10.0,10.0,83.0,Muito Bom
1254,fazenda capoeirnha,Brazil,south of minas,7.5,7.33,7.42,7.58,7.58,6.92,8.0,8.0,10.0,77.33,Bom
534,fazenda capoeirnha,Brazil,south of minas,7.67,7.58,7.5,7.58,7.58,7.5,10.0,10.0,10.0,82.92,Muito Bom
297,fazenda capoeirnha,Brazil,south of minas,7.67,7.67,7.58,7.75,7.67,7.67,10.0,10.0,10.0,83.75,Muito Bom
839,rio verde,Brazil,south of minas,7.17,7.58,6.83,7.5,7.75,7.25,10.0,10.0,10.0,81.83,Muito Bom
738,rio verde,Brazil,south of minas,7.42,7.67,7.5,7.08,7.5,7.42,10.0,10.0,10.0,82.25,Muito Bom
441,fazenda capoeirnha,Brazil,south of minas,7.67,7.42,7.5,7.58,7.67,7.58,10.0,10.0,10.0,83.17,Muito Bom
319,capoeirinha,Brazil,south of minas,7.58,7.75,7.58,7.75,7.58,7.58,10.0,10.0,10.0,83.67,Muito Bom
609,capoeirinha,Brazil,south of minas,7.5,7.58,7.5,7.67,7.5,7.42,10.0,10.0,10.0,82.67,Muito Bom
259,fazenda capoeirnha,Brazil,south of minas,7.5,7.75,7.58,7.5,7.58,7.5,10.0,10.0,10.0,83.92,Muito Bom
315,fazenda capoeirnha,Brazil,south of minas,7.67,7.83,7.5,7.67,7.67,7.5,10.0,10.0,10.0,83.67,Muito Bom
878,rio verde,Brazil,south of minas,7.25,7.75,6.92,7.42,7.5,7.58,10.0,10.0,10.0,81.67,Muito Bom
614,rio verde,Brazil,south of minas,7.58,7.5,7.42,7.67,7.5,7.5,10.0,10.0,10.0,82.67,Muito Bom
757,fazenda capoeirnha,Brazil,south of minas,7.42,7.42,7.5,7.42,7.42,7.5,10.0,10.0,10.0,82.17,Muito Bom
762,rio verde,Brazil,south of minas,6.92,7.58,7.42,7.33,7.83,7.5,10.0,10.0,10.0,82.17,Muito Bom
336,fazenda capoeirnha,Brazil,south of minas,7.58,7.67,7.58,7.58,7.67,7.58,10.0,10.0,10.0,83.58,Muito Bom
590,capoeirinha,Brazil,south of minas,7.5,7.5,7.58,7.5,7.58,7.58,10.0,10.0,10.0,82.75,Muito Bom
840,rio verde,Brazil,south of minas,7.58,7.0,6.92,6.92,7.67,7.5,10.0,10.0,10.0,81.83,Muito Bom
781,rio verde,Brazil,south of minas,7.25,7.25,7.58,7.58,7.25,7.92,10.0,10.0,10.0,82.08,Muito Bom
709,capoeirinha,Brazil,south of minas,7.5,7.5,7.42,7.5,7.42,7.5,10.0,10.0,10.0,82.33,Muito Bom
684,rio verde,Brazil,south of minas,7.17,7.83,7.33,7.5,7.75,7.42,10.0,10.0,10.0,82.42,Muito Bom
797,capoeirinha,Brazil,south of minas,7.5,7.33,7.42,7.5,7.33,7.42,10.0,10.0,10.0,82.0,Muito Bom
1115,,Brazil,mantiqueira de minas,7.17,7.17,7.0,7.17,7.25,7.25,10.0,10.0,10.0,80.08,Muito Bom
507,fazenda santo antonio,Brazil,high mogiana,7.67,7.67,7.67,7.5,7.42,7.5,10.0,10.0,10.0,83.0,Muito Bom
707,fazenda são pedro,Brazil,cerrado,7.33,7.5,7.5,7.33,7.5,7.5,10.0,10.0,10.0,82.33,Muito Bom
1095,são rafael_ ra/ras certified,Brazil,cerrado - monte carmelo - minas gerais,7.17,7.33,7.42,7.08,7.0,7.0,10.0,10.0,10.0,80.25,Muito Bom
1274,,Brazil,monte carmelo,7.17,7.0,6.83,7.5,7.17,7.0,8.0,8.0,10.0,75.67,Bom
1303,,Brazil,cerrado,7.0,7.0,6.83,7.0,7.33,6.83,6.0,6.0,10.0,70.67,Bom
1021,sertao farm,Brazil,mantiqueira de minas,7.25,7.33,7.25,7.25,7.25,7.33,10.0,10.0,10.0,80.92,Muito Bom
956,sertao farm,Brazil,mantiqueira de minas,7.17,7.33,7.42,7.25,7.42,7.33,10.0,10.0,10.0,81.33,Muito Bom
999,cachoeira da grama farm,Brazil,grama valley,7.25,7.25,7.17,7.5,7.33,7.17,10.0,10.0,10.0,81.0,Muito Bom
1001,cachoeira da grama farm,Brazil,grama valley,7.33,7.17,7.17,7.67,7.33,7.17,10.0,10.0,10.0,81.0,Muito Bom
385,cachoeira da grama farm,Brazil,vale da grama,7.33,7.83,7.75,7.5,7.42,7.83,10.0,10.0,10.0,83.42,Muito Bom
714,,Brazil,chapadão de ferro (cerrado mineiro),7.42,7.5,7.5,7.42,7.5,7.58,10.0,10.0,10.0,82.33,Muito Bom
1061,leticia farm,Brazil,monte carmelo,7.33,7.25,7.33,7.08,7.58,7.25,9.33,10.0,10.0,80.58,Muito Bom
682,,Brazil,campos altos - cerrado,7.42,7.5,7.33,7.5,7.25,7.42,10.0,10.0,10.0,82.42,Muito Bom
422,,Brazil,campos altos - cerrado,7.58,7.67,7.42,7.5,7.67,7.42,10.0,10.0,10.0,83.25,Muito Bom
484,,Brazil,chapadão de ferro (cerrado mineiro),7.42,7.67,7.58,7.5,7.75,7.67,10.0,10.0,10.0,83.08,Muito Bom
1007,,Brazil,cerrado,7.67,7.75,7.83,7.75,7.83,7.75,10.0,6.67,10.0,81.0,Muito Bom
766,,Brazil,cerrado,7.58,7.5,7.42,7.25,7.5,7.42,10.0,10.0,10.0,82.17,Muito Bom
638,,Brazil,campos altos - cerrado,7.42,7.42,7.5,7.33,7.25,7.67,10.0,10.0,10.0,82.58,Muito Bom
615,santa maria,Brazil,monte carmelo,7.33,7.5,7.58,7.58,7.67,7.5,10.0,10.0,10.0,82.67,Muito Bom
1073,cachoeira da grama farm,Brazil,vale da grama,7.25,7.33,7.17,7.5,7.33,7.25,9.33,10.0,10.0,80.5,Muito Bom
1293,,Brazil,campos altos - cerrado,7.25,6.58,6.58,7.0,7.0,6.42,8.0,8.0,10.0,73.5,Bom
1225,santa maria,Brazil,monte carmelo,6.83,7.0,6.92,7.08,6.92,6.83,10.0,10.0,10.0,78.42,Bom
1038,castelhana farm,Brazil,monte carmelo,7.17,7.25,7.08,7.17,7.25,7.58,10.0,10.0,10.0,80.75,Muito Bom
544,fazenda pantano,Brazil,cerrado,7.08,7.5,7.5,7.83,7.75,7.67,10.0,10.0,10.0,82.92,Muito Bom
1084,guoxing farm coffee 國姓農場咖啡        ,Taiwan,nantou,7.25,7.25,7.17,7.25,7.25,7.25,10.0,10.0,10.0,80.42,Muito Bom
842,rancho bonito,Mexico,chiapas,7.58,7.5,7.33,7.5,7.17,7.33,10.0,10.0,10.0,81.83,Muito Bom
341,exportadora café california,Mexico,"chiapas, jaltenango",7.75,7.75,7.58,7.58,7.5,7.67,10.0,10.0,10.0,83.58,Muito Bom
974,exportadora café california,Mexico,"chiapas, jaltenango",7.75,7.58,7.08,7.25,7.08,7.25,10.0,10.0,10.0,81.17,Muito Bom
401,ecc,Mexico,chiapas,7.75,7.75,7.5,7.67,7.5,7.58,10.0,10.0,10.0,83.33,Muito Bom
542,pinzoneno,Mexico,cuarenteño,7.83,7.67,7.25,7.58,7.5,7.5,10.0,10.0,10.0,82.92,Muito Bom
424,los charcos,Mexico,cuarenteño,7.83,7.75,7.5,7.58,7.58,7.58,10.0,10.0,10.0,83.25,Muito Bom
26,fazenda kaquend,Brazil,south of minas,8.5,8.5,8.0,8.0,8.0,8.0,10.0,10.0,10.0,86.92,Excelente
733,café citrus,Brazil,south of minas,7.58,7.58,7.25,7.58,7.42,7.5,10.0,10.0,10.0,82.33,Muito Bom
755,caxambu,Brazil,,7.67,7.58,7.42,7.0,7.5,7.58,10.0,10.0,10.0,82.25,Muito Bom
687,fazenda serra negra,Brazil,south of minas,7.58,7.67,7.33,7.5,7.5,7.42,10.0,10.0,10.0,82.42,Muito Bom
472,campo das flores,Brazil,south of minas,7.75,7.67,7.58,7.5,7.58,7.58,10.0,10.0,10.0,83.17,Muito Bom
33,fazenda recreio,Brazil,vale da grama,8.5,8.17,8.0,7.75,8.0,8.0,10.0,10.0,10.0,86.42,Excelente
114,sitio claro,Brazil,south of minas,8.0,8.0,7.75,8.0,7.5,7.75,10.0,10.0,10.0,84.92,Muito Bom
857,cianorte,Brazil,cerrado,7.33,7.67,7.25,7.5,7.5,7.25,10.0,10.0,10.0,81.83,Muito Bom
103,sitío são geraldo,Brazil,grama valley,8.0,8.0,7.83,7.83,7.67,7.67,10.0,10.0,10.0,85.0,Excelente
985,fazenda são sebastião,Brazil,south of minas,7.42,7.33,7.25,7.42,7.5,7.17,10.0,10.0,10.0,81.17,Muito Bom
703,santa mariana,Brazil,south of minas,7.75,7.5,7.42,7.42,7.5,7.42,10.0,10.0,10.0,82.42,Muito Bom
157,fazenda recreio,Brazil,vale da grama,8.0,8.0,7.75,7.75,7.58,7.75,10.0,10.0,10.0,84.58,Muito Bom
811,são josé da lagoa,Brazil,cerrado,7.42,7.5,7.25,7.5,7.5,7.42,10.0,10.0,10.0,82.0,Muito Bom
158,fazenda vista alegre,Brazil,mountains of minas gerais,8.5,8.0,7.5,7.75,7.5,7.83,10.0,10.0,10.0,84.58,Muito Bom
74,fazenda serra de três barras,Brazil,south of minas,8.0,8.0,8.0,7.67,7.75,8.0,10.0,10.0,10.0,85.42,Excelente
476,olhos d'agua,Brazil,south of minas,7.58,7.75,7.67,7.5,7.67,7.58,10.0,10.0,10.0,83.17,Muito Bom
188,santa alina,Brazil,vale da grama,8.17,8.0,7.5,7.75,7.5,7.67,10.0,10.0,10.0,84.33,Muito Bom
46,fazenda kaquend,Brazil,south of minas,8.33,8.0,8.0,8.0,7.75,8.0,10.0,10.0,10.0,86.08,Excelente
189,fazenda baipendi,Brazil,south of minas,8.0,8.0,7.5,7.5,7.67,7.75,10.0,10.0,10.0,84.33,Muito Bom
832,sitío corrego da olaria/são caetano,Brazil,grama valley,7.42,7.58,7.25,7.5,7.33,7.5,10.0,10.0,10.0,81.92,Muito Bom
813,santa mariana/são vicente,Brazil,south of minas,7.58,7.5,7.17,7.5,7.5,7.42,10.0,10.0,10.0,82.0,Muito Bom
731,sitío santa luzia,Brazil,grama valley,7.58,7.5,7.42,7.5,7.5,7.42,10.0,10.0,10.0,82.33,Muito Bom
351,fazenda jericó,Brazil,south of minas,7.83,7.75,7.5,7.75,7.5,7.58,10.0,10.0,10.0,83.58,Muito Bom
810,campo das flores,Brazil,south of minas,7.42,7.5,7.33,7.5,7.33,7.5,10.0,10.0,10.0,82.0,Muito Bom
473,são francisco da serra,Brazil,mogiana,7.92,7.58,7.5,7.58,7.42,7.5,10.0,10.0,10.0,83.17,Muito Bom
435,água limpa,Brazil,grama valley,7.75,7.67,7.5,7.58,7.58,7.58,10.0,10.0,10.0,83.25,Muito Bom
653,fazenda chamusca,Brazil,south of minas,7.58,7.5,7.33,7.75,7.5,7.5,10.0,10.0,10.0,82.58,Muito Bom
113,fazenda grota funda,Brazil,south of minas,8.0,7.92,7.75,7.75,8.0,7.75,10.0,10.0,10.0,84.92,Muito Bom
475,fazenda do lobo,Brazil,south of minas,7.75,7.5,7.58,7.5,7.75,7.5,10.0,10.0,10.0,83.17,Muito Bom
903,rio verde,Brazil,south of minas,7.42,7.42,7.33,7.33,7.5,7.25,10.0,10.0,10.0,81.58,Muito Bom
170,,Brazil,mmm,7.81,7.81,7.88,7.75,7.38,8.25,9.5,10.0,10.0,84.5,Muito Bom
171,,Brazil,test,8.17,7.67,7.75,7.75,7.67,7.75,10.0,10.0,10.0,84.5,Muito Bom
292,fazenda do sertao,Brazil,carmo de minas,7.83,7.83,7.58,7.67,7.5,7.58,10.0,10.0,10.0,83.83,Muito Bom
671,fazenda do sertao,Brazil,carmo de minas,7.67,7.42,7.33,7.67,7.5,7.5,10.0,10.0,10.0,82.5,Muito Bom
931,sertao,Brazil,sul de minas,7.5,7.42,7.17,7.42,7.5,7.33,10.0,10.0,10.0,81.5,Muito Bom
982,juliana,Brazil,monte carmelo,7.42,7.42,7.17,7.42,7.33,7.25,10.0,10.0,10.0,81.17,Muito Bom
6,,Brazil,,8.58,8.42,8.42,8.5,8.25,8.33,10.0,10.0,10.0,88.83,Excelente
25,,Ethiopia,sidamo,8.42,8.17,7.92,8.17,8.33,8.0,10.0,10.0,10.0,87.08,Excelente
987,,Ethiopia,sidamo,7.42,7.33,7.17,7.33,7.42,7.17,10.0,10.0,10.0,81.08,Muito Bom
799,club green,Laos,lao p.d.r.,7.42,7.5,7.25,7.33,7.5,7.5,10.0,10.0,10.0,82.0,Muito Bom
7,,Peru,,8.42,8.5,8.33,8.5,8.25,8.25,10.0,10.0,10.0,88.75,Excelente
138,,Kenya,nyeri,7.75,7.92,7.83,8.0,7.58,7.75,10.0,10.0,10.0,84.67,Muito Bom
166,rumukia farmers,Kenya,nyeri,7.92,7.83,7.67,8.0,7.67,7.75,10.0,10.0,10.0,84.5,Muito Bom
32,,"Tanzania, United Republic Of",,8.42,8.17,8.17,8.0,7.58,8.0,10.0,10.0,10.0,86.5,Excelente
121,matsuzawa coffee,Thailand,thailand,7.75,7.75,7.75,7.75,8.0,7.75,10.0,10.0,10.0,84.75,Muito Bom
622,m10,Thailand,phahi,7.42,7.5,7.5,7.67,7.58,7.5,10.0,10.0,10.0,82.67,Muito Bom
382,matsuzawa coffee,Thailand,thailand,7.5,7.58,7.75,7.5,7.75,7.67,10.0,10.0,10.0,83.42,Muito Bom
641,,Thailand,chiangrai,7.42,7.58,7.58,7.42,7.58,7.5,10.0,10.0,10.0,82.58,Muito Bom
659,,Thailand,chiangrai,7.33,7.5,7.5,7.5,7.67,7.5,10.0,10.0,10.0,82.5,Muito Bom
977,,Thailand,chiangrai,6.83,7.42,7.42,7.17,7.5,7.42,10.0,10.0,10.0,81.17,Muito Bom
193,matsuzawa coffee,Thailand,chiang rai thailand,7.83,7.75,7.75,7.42,7.83,7.67,10.0,10.0,10.0,84.25,Muito Bom
128,ada farm,Japan,ada okinawa japan,7.75,7.75,7.75,7.42,8.08,7.83,10.0,10.0,10.0,84.67,Muito Bom
500,isule farmers group,Uganda,"kasese, mt. rwenzori",7.67,7.58,7.42,7.42,7.83,7.5,10.0,10.0,10.0,83.0,Muito Bom
501,ibanda farmers group,Uganda,"kasese, mt. rwenzori",7.67,7.67,7.5,7.58,7.42,7.5,10.0,10.0,10.0,83.0,Muito Bom
509,kabeywa county,Uganda,kapchorwa,7.83,7.58,7.5,7.5,7.58,7.5,10.0,10.0,10.0,83.0,Muito Bom
1009,kapchorwa,Uganda,eastern,7.33,6.92,7.17,7.33,7.42,7.42,10.0,10.0,10.0,81.0,Muito Bom
69,buginyanya,Uganda,bulambuli eastern region,8.33,7.92,7.67,7.92,7.67,7.92,10.0,10.0,10.0,85.5,Excelente
160,kawacom sipi project,Uganda,eastern uganda,7.92,7.75,7.67,7.75,7.83,7.75,10.0,10.0,10.0,84.5,Muito Bom
620,bugisu shamba,Uganda,mt elgon,7.67,7.5,7.33,7.67,7.5,7.5,10.0,10.0,10.0,82.67,Muito Bom
117,mt.elgon bugisu shamba 2,Uganda,eastern,7.75,7.92,7.67,7.67,8.25,7.75,10.0,10.0,10.0,84.83,Muito Bom
643,mt.elgon sipi falls cheema,Uganda,eastern,7.83,7.5,7.42,7.58,7.42,7.42,10.0,10.0,10.0,82.58,Muito Bom
421,kawacom uganda ltd sipi farmers group,Uganda,"sipi, mt elgon",7.5,7.67,7.67,7.42,7.67,7.67,10.0,10.0,10.0,83.25,Muito Bom
54,sipi organic coffee project,Uganda,eastern,8.17,8.17,7.92,8.08,7.83,7.75,10.0,10.0,10.0,85.92,Excelente
545,sipi organic coffee project,Uganda,eastern,8.0,7.5,7.5,7.58,7.33,7.42,10.0,10.0,10.0,82.92,Muito Bom
457,kaptanya,Uganda,eastern,8.0,7.67,7.5,7.42,7.33,7.58,10.0,10.0,10.0,83.17,Muito Bom
28,chebonet (23) women coffee,Uganda,kapchorwa eastern,8.42,8.17,8.17,8.17,7.83,7.92,10.0,10.0,10.0,86.83,Excelente
242,kerchanshe,Ethiopia,sidamo,7.83,7.75,7.67,7.75,7.33,7.75,10.0,10.0,10.0,84.0,Muito Bom
97,mount elgon area,Uganda,eastern uganda,8.17,7.92,7.75,7.75,7.67,7.75,10.0,10.0,10.0,85.0,Excelente
381,bulago & buginyanya,Uganda,eastern,7.58,7.75,7.33,7.75,7.67,7.58,10.0,10.0,10.0,83.42,Muito Bom
72,chesiyo farmer group,Uganda,kapchorwa,8.08,8.0,7.83,7.67,8.0,7.83,10.0,10.0,10.0,85.42,Excelente
47,kaasayi,Uganda,eastern uganda,8.08,8.08,7.83,7.92,8.08,7.92,10.0,10.0,10.0,86.0,Excelente
546,nyapea coffee farmers,Uganda,west nile,7.75,7.58,7.58,7.5,7.5,7.5,10.0,10.0,10.0,82.92,Muito Bom
343,bulamburi coffee farmers,Uganda,eastern,7.67,7.67,7.42,7.75,7.75,7.67,10.0,10.0,10.0,83.58,Muito Bom
303,erussi farmers group,Uganda,west nile,8.0,7.92,7.58,7.75,7.33,7.5,10.0,10.0,10.0,83.75,Muito Bom
741,kachere,Malawi,mzuzu,7.58,7.42,7.33,7.42,7.58,7.5,10.0,10.0,10.0,82.25,Muito Bom
231,,Uganda,mt. rwenzori,7.83,7.75,7.5,7.83,7.83,7.75,10.0,10.0,10.0,84.17,Muito Bom
847,kakoma,Malawi,kakoma,7.58,7.42,7.33,7.33,7.33,7.42,10.0,10.0,10.0,81.83,Muito Bom
594,msese,Malawi,mzuzu,7.75,7.58,7.42,7.5,7.33,7.5,10.0,10.0,10.0,82.75,Muito Bom
1054,makoka valley estate,Malawi,southern- zomba,7.5,7.25,7.17,7.17,7.25,7.17,10.0,10.0,10.0,80.67,Muito Bom
940,chimpumba,Malawi,mzuzu,7.58,7.17,7.33,7.42,7.08,7.42,10.0,10.0,10.0,81.42,Muito Bom
901,kavuzi,Malawi,mzuzu,7.42,7.42,7.17,7.58,7.33,7.33,10.0,10.0,10.0,81.58,Muito Bom
801,chikali,Malawi,mzuzu,7.5,7.42,7.33,7.58,7.33,7.5,10.0,10.0,10.0,82.0,Muito Bom
50,,Uganda,"sipi, mt elgon",8.25,8.0,7.83,8.08,8.0,7.92,10.0,10.0,10.0,86.0,Excelente
980,makoka valley estate,Malawi,southern- zomba,7.58,7.25,7.33,7.08,7.33,7.33,10.0,10.0,10.0,81.17,Muito Bom
210,,Uganda,kasese,8.17,7.75,7.58,7.67,7.83,7.58,10.0,10.0,10.0,84.25,Muito Bom
716,utchisi mountain,Malawi,mzuzu,7.33,7.58,7.42,7.58,7.33,7.5,10.0,10.0,10.0,82.33,Muito Bom
958,usingini farm,Malawi,mzuzu,7.75,7.33,7.08,7.33,7.33,7.25,10.0,10.0,10.0,81.33,Muito Bom
142,,Uganda,mbale,7.92,7.83,7.75,7.92,7.67,7.75,10.0,10.0,10.0,84.67,Muito Bom
918,chinongo,Malawi,mzuzu,7.67,7.42,6.92,7.5,7.5,7.17,10.0,10.0,10.0,81.5,Muito Bom
257,,Uganda,kasese,7.92,7.75,7.58,7.67,7.67,7.83,10.0,10.0,10.0,84.0,Muito Bom
403,mondul coffee estate,"Tanzania, United Republic Of",arusha,7.75,7.58,7.67,7.58,7.58,7.58,10.0,10.0,10.0,83.33,Muito Bom
798,family farm,"Tanzania, United Republic Of",kilimanjaro,7.67,7.33,7.33,7.42,7.42,7.42,10.0,10.0,10.0,82.0,Muito Bom
800,finca estate,"Tanzania, United Republic Of",meru,7.42,7.42,7.33,7.58,7.33,7.42,10.0,10.0,10.0,82.0,Muito Bom
1020,karatu estate,"Tanzania, United Republic Of","manyara, karatu",7.33,7.17,7.17,7.25,7.42,7.33,10.0,10.0,10.0,80.92,Muito Bom
1089,kongoni estate,"Tanzania, United Republic Of",arusha,7.25,7.17,7.25,7.25,7.25,7.08,10.0,10.0,10.0,80.33,Muito Bom
822,mcomafa farm no1155gr,"Tanzania, United Republic Of",mbeya,7.33,7.33,7.33,7.42,7.5,7.58,10.0,10.0,10.0,81.92,Muito Bom
879,multiple,"Tanzania, United Republic Of",mbinga,7.42,7.33,7.25,7.42,7.5,7.42,10.0,10.0,10.0,81.67,Muito Bom
358,ano family,"Tanzania, United Republic Of",nkure- meru,7.75,7.67,7.58,7.67,7.67,7.58,10.0,10.0,10.0,83.5,Muito Bom
973,mviwambi coffee farmers,"Tanzania, United Republic Of","ruvuma, mbinga",7.67,7.17,7.17,7.33,7.5,7.17,10.0,10.0,10.0,81.17,Muito Bom
900,acacia hills,"Tanzania, United Republic Of","oldeani , mongola",7.42,7.42,7.33,7.42,7.42,7.33,10.0,10.0,10.0,81.58,Muito Bom
1008,rural cooperative society,"Tanzania, United Republic Of",arusha,7.33,7.33,7.08,7.42,7.17,7.33,10.0,10.0,10.0,81.0,Muito Bom
386,ngila estate,"Tanzania, United Republic Of",karatu northern,7.75,7.67,7.58,7.67,7.58,7.58,10.0,10.0,10.0,83.42,Muito Bom
660,shah plantation,"Tanzania, United Republic Of",karatu arusha,7.67,7.42,7.33,7.58,7.5,7.5,10.0,10.0,10.0,82.5,Muito Bom
1088,delfina farm,"Tanzania, United Republic Of",mkuu rombo,7.25,7.17,7.0,7.25,7.42,7.08,10.0,10.0,10.0,80.33,Muito Bom
760,langiro farm group,"Tanzania, United Republic Of",ruvuma,7.58,7.42,7.42,7.33,7.5,7.42,10.0,10.0,10.0,82.17,Muito Bom
455,myanganyanga,"Tanzania, United Republic Of",mbinga,7.58,7.67,7.67,7.58,7.42,7.58,10.0,10.0,10.0,83.17,Muito Bom
1063,burka coffee estates,"Tanzania, United Republic Of",arusha,7.25,7.08,7.08,7.33,7.33,7.25,10.0,10.0,10.0,80.58,Muito Bom
616,nitin,"Tanzania, United Republic Of",karatu arusha,7.5,7.5,7.5,7.5,7.5,7.58,10.0,10.0,10.0,82.67,Muito Bom
222,selian coffee estate,"Tanzania, United Republic Of",arusha,7.92,7.75,7.75,7.75,7.75,7.58,10.0,10.0,10.0,84.17,Muito Bom
110,hasambo amcos,"Tanzania, United Republic Of",mbeya,8.0,7.83,7.83,7.92,7.75,7.75,10.0,10.0,10.0,84.92,Muito Bom
203,suma jkt itende,"Tanzania, United Republic Of",mbeya,7.83,7.75,7.75,7.75,7.67,7.75,10.0,10.0,10.0,84.25,Muito Bom
991,mwalyego amcos,"Tanzania, United Republic Of","iwala village, mbeya rural",7.42,7.33,7.33,7.25,7.25,7.33,10.0,10.0,10.0,81.08,Muito Bom
979,ampcg,"Tanzania, United Republic Of",mbinga,7.58,7.17,7.17,7.33,7.33,7.25,10.0,10.0,10.0,81.17,Muito Bom
617,ampcg,"Tanzania, United Republic Of",mbinga,7.58,7.5,7.5,7.58,7.33,7.58,10.0,10.0,10.0,82.67,Muito Bom
968,shangrilla estate,"Tanzania, United Republic Of",karatu ngorogoro,7.33,7.17,7.17,7.5,7.25,7.42,10.0,10.0,10.0,81.25,Muito Bom
683,nguruma,"Tanzania, United Republic Of",arusha meru,7.67,7.25,7.42,7.42,7.67,7.42,10.0,10.0,10.0,82.42,Muito Bom
642,lubanda amcos,"Tanzania, United Republic Of",ikand village,7.75,7.42,7.33,7.5,7.58,7.5,10.0,10.0,10.0,82.58,Muito Bom
767,ilomba 2,"Tanzania, United Republic Of","ilomba vilage, mbozi",7.75,7.42,7.42,7.58,7.33,7.42,10.0,10.0,10.0,82.17,Muito Bom
202,jacksom mwasenga,"Tanzania, United Republic Of",shizingo village,7.83,7.67,7.75,7.83,7.67,7.67,10.0,10.0,10.0,84.25,Muito Bom
880,ilomba 1,"Tanzania, United Republic Of","ilomba vilage, mbozi",7.33,7.33,7.5,7.25,7.42,7.33,10.0,10.0,10.0,81.67,Muito Bom
784,ngorogoro convenant estate,"Tanzania, United Republic Of",ngorogoro,7.42,7.5,7.5,7.33,7.33,7.5,10.0,10.0,10.0,82.08,Muito Bom
862,ngorogoro convenant estate,"Tanzania, United Republic Of",ngorogoro,7.42,7.42,7.42,7.42,7.33,7.33,10.0,10.0,10.0,81.75,Muito Bom
661,amkeni,"Tanzania, United Republic Of",moshi,7.75,7.0,7.42,7.58,7.58,7.58,10.0,10.0,10.0,82.5,Muito Bom
612,gabriel bernard rivas ross,Mexico,veracruz,7.5,7.67,7.42,7.75,7.42,7.17,10.0,10.0,10.0,82.67,Muito Bom
260,cafetal,Mexico,veracruz,7.83,7.83,7.58,7.92,7.42,7.5,10.0,10.0,10.0,83.92,Muito Bom
935,cafetal,Mexico,veracruz,7.58,7.33,7.08,7.33,7.5,7.33,10.0,10.0,10.0,81.42,Muito Bom
1017,finca monte azúl,Mexico,veracruz,7.5,7.33,7.17,7.42,7.5,7.33,9.33,10.0,10.0,80.92,Muito Bom
953,,Mexico,veracruz,7.67,7.42,7.0,7.42,7.58,7.08,10.0,10.0,10.0,81.33,Muito Bom
100,various,Mexico,veracruz,7.83,8.0,7.83,7.75,7.67,7.83,10.0,10.0,10.0,85.0,Excelente
417,corta pico,Mexico,sierra madre occidental,7.67,7.83,7.42,7.83,7.33,7.5,10.0,10.0,10.0,83.25,Muito Bom
1097,cortapico,Mexico,sierra madre occidental,7.25,7.17,7.0,7.33,7.33,7.0,10.0,10.0,10.0,80.25,Muito Bom
36,kangunu,Kenya,muranga,8.08,8.0,8.0,8.25,7.92,7.92,10.0,10.0,10.0,86.25,Excelente
148,blend,Kenya,nyeri,7.83,7.83,7.83,7.75,7.58,7.83,10.0,10.0,10.0,84.58,Muito Bom
560,jungle estate,Kenya,nyeri,7.75,7.58,7.42,7.58,7.5,7.5,10.0,10.0,10.0,82.83,Muito Bom
145,jungle estate,Kenya,nyeri,7.92,7.75,7.83,7.75,7.58,7.92,10.0,10.0,10.0,84.58,Muito Bom
45,jungle estate,Kenya,nyeri,8.08,8.08,8.0,8.0,7.83,8.08,10.0,10.0,10.0,86.08,Excelente
1016,thiririka/maara,Kenya,kiambu,7.17,7.58,7.5,7.5,8.0,7.75,10.0,10.0,10.0,80.92,Muito Bom
122,karatina,Kenya,nyeri,7.92,7.83,7.58,7.92,7.75,7.83,10.0,10.0,10.0,84.75,Muito Bom
180,kigwandi,Kenya,nyeri,7.33,7.58,7.83,7.75,7.75,7.92,10.0,10.0,10.0,84.33,Muito Bom
1087,,Burundi,mumirwa,7.08,7.25,7.17,7.33,7.08,7.08,10.0,10.0,10.0,80.33,Muito Bom
101,,Kenya,,8.17,7.83,7.92,7.75,7.67,7.83,10.0,10.0,10.0,85.0,Excelente
1072,case noyale ltd,Mauritius,chamarel (south west),7.25,7.25,7.17,7.17,7.25,7.17,10.0,10.0,10.0,80.5,Muito Bom
316,,Kenya,meru county,8.08,7.67,7.67,7.58,7.25,7.67,10.0,10.0,10.0,83.67,Muito Bom
296,,Kenya,nyeri,7.75,7.58,7.5,7.58,7.75,7.75,10.0,10.0,10.0,83.75,Muito Bom
1140,yara estate / benvar estate,Kenya,kiambu,7.0,7.08,7.0,7.17,7.25,7.25,10.0,10.0,10.0,79.83,Bom
225,,Kenya,kenya,7.58,7.75,7.75,7.75,7.75,7.83,10.0,10.0,10.0,84.17,Muito Bom
81,,Kenya,central kenya,8.0,7.92,7.92,8.08,7.83,7.75,10.0,10.0,10.0,85.33,Excelente
254,,Kenya,blend,7.67,7.83,7.5,7.75,7.92,7.67,10.0,10.0,10.0,84.0,Muito Bom
153,,Kenya,,7.75,7.75,7.75,8.08,7.75,7.75,10.0,10.0,10.0,84.58,Muito Bom
453,,Kenya,kenya,7.83,7.75,7.67,7.75,7.83,8.5,9.33,9.33,9.33,83.17,Muito Bom
256,-,Kenya,central kenya,7.67,7.75,7.67,7.75,7.83,7.67,10.0,10.0,10.0,84.0,Muito Bom
80,,Kenya,central kenya,7.83,8.08,7.75,8.08,7.92,7.75,10.0,10.0,10.0,85.33,Excelente
102,machure estate,Kenya,central kenya,7.75,7.83,7.75,8.08,8.0,7.75,10.0,10.0,10.0,85.0,Excelente
20,drima zede,Ethiopia,gedio,8.17,8.17,8.0,8.17,8.08,8.33,10.0,10.0,10.0,87.25,Excelente
342,lomi tasha,Ethiopia,yirgacheffe,7.75,7.67,7.58,7.67,7.5,7.67,10.0,10.0,10.0,83.58,Muito Bom
1043,elida estate,Panama,boquete,7.25,7.33,7.17,7.33,7.33,7.17,10.0,10.0,10.0,80.75,Muito Bom
132,moplaco,Ethiopia,yirgacheffe,8.08,7.83,7.75,7.83,7.58,7.67,10.0,10.0,10.0,84.67,Muito Bom
66,elida estate,Panama,boquete,8.0,7.75,7.83,7.83,7.67,8.58,10.0,10.0,10.0,85.5,Excelente
765,blue lake,Guatemala,atitlan,7.42,7.42,7.5,7.5,7.42,7.5,10.0,10.0,10.0,82.17,Muito Bom
568,,Colombia,huila,7.83,7.67,7.5,7.58,7.5,7.67,10.0,10.0,10.0,82.83,Muito Bom
133,finca salaca las brisas,Costa Rica,costa rica,7.67,7.58,7.75,7.75,7.67,8.58,10.0,10.0,10.0,84.67,Muito Bom
77,el injerto s.a.,Guatemala,huehuetenango,7.83,7.75,7.83,7.67,7.83,8.58,10.0,10.0,10.0,85.33,Excelente
846,dozen small farmer,Indonesia,lington nihuta,7.42,7.42,7.42,7.33,7.42,7.42,10.0,10.0,10.0,81.83,Muito Bom
67,inoi,Kenya,kirinyaga,7.92,7.92,7.83,8.08,7.83,7.92,10.0,10.0,10.0,85.5,Excelente
967,el injerto s.a.,Guatemala,huehuetenango,7.33,7.42,7.17,7.25,7.42,7.33,10.0,10.0,10.0,81.25,Muito Bom
1010,taiwan hao ka 台灣好咖莊園,Taiwan,nantou,7.5,6.92,7.33,7.33,7.33,7.33,10.0,10.0,10.0,81.0,Muito Bom
1022,張文進莊園,Taiwan,台中新社,7.92,7.67,7.33,7.08,7.08,7.08,10.0,10.0,10.0,80.92,Muito Bom
637,台中市新社區崑山里,Taiwan,changhua baguashan 彰化市八卦山,7.25,7.25,7.0,7.08,7.0,7.0,10.0,10.0,10.0,82.58,Muito Bom
621,zhuo wu shan coffee 卓武山咖啡農場,Taiwan,chiayi alishan 嘉義縣阿里山鄉,7.67,7.5,7.5,7.5,7.5,7.5,10.0,10.0,10.0,82.67,Muito Bom
266,very famous intl.名門義理國際股份有限公司,Taiwan,台灣,7.75,7.75,7.58,7.75,7.75,7.67,10.0,10.0,10.0,83.92,Muito Bom
1118,sheng he shang pin coffee 聖荷上品咖啡坊,Taiwan,yunlin gukeng he bao 雲林縣古坑鄉荷苞村,7.25,7.25,7.25,7.25,7.08,7.0,10.0,10.0,10.0,80.08,Muito Bom
1028,heng lu coffee 橫鹿咖啡,Taiwan,new taipei zhonghe 新北市中和區,7.42,7.25,7.25,7.25,7.25,7.25,10.0,10.0,10.0,80.92,Muito Bom
1103,weng hui ling 翁惠鈴,Taiwan,chiayi fanlu嘉義縣番路鄉,7.25,7.08,7.25,7.25,7.17,7.25,10.0,10.0,10.0,80.25,Muito Bom
1126,zhang li hong coffee 張立宏咖啡莊園,Taiwan,changhua baguashan 彰化市八卦山,7.25,7.25,7.25,7.0,7.25,7.0,10.0,10.0,10.0,80.0,Muito Bom
721,guo cun nong yuan 國村農園,Taiwan,changhua baguashan 彰化市八卦山,7.5,7.5,7.5,7.5,7.5,7.5,10.0,10.0,10.0,82.33,Muito Bom
886,mu he zi coffee 木盒子咖啡園,Taiwan,changhua baguashan 彰化市八卦山,7.5,7.5,7.5,7.25,7.42,7.25,10.0,10.0,10.0,81.67,Muito Bom
136,dragon 龍咖啡,Taiwan,taichung xinshe 台中市新社區,8.0,7.92,7.75,7.75,7.75,7.75,10.0,10.0,10.0,84.67,Muito Bom
1026,bi yun si shi yi 碧云四十一咖啡坊,Taiwan,taichung taiping 台中市太平區,7.42,7.25,7.25,7.25,7.25,7.25,10.0,10.0,10.0,80.92,Muito Bom
1120,wu kun shan coffee 吳焜山咖啡園,Taiwan,changhua baguashan 彰化市八卦山,7.25,7.25,7.25,7.08,7.17,7.08,10.0,10.0,10.0,80.08,Muito Bom
736,眉泉莊園        ,Taiwan,,7.0,7.08,7.0,7.17,7.0,7.0,10.0,10.0,10.0,82.25,Muito Bom
1014,八杞莊園,Taiwan,taiwan,7.33,7.17,7.25,7.33,7.33,7.25,10.0,10.0,10.0,80.92,Muito Bom
887,guo xin ka fei 國昕咖啡,Taiwan,nantou,7.58,7.42,7.33,7.42,7.33,7.33,10.0,10.0,10.0,81.67,Muito Bom
826,dragon coffee 龍咖啡,Taiwan,taichung xinshe 台中市新社區,7.5,7.5,7.42,7.25,7.5,7.5,10.0,10.0,10.0,81.92,Muito Bom
939,山彎有機咖啡農場,Taiwan,苗栗三灣,7.83,7.75,7.42,7.17,7.08,7.08,10.0,10.0,10.0,81.42,Muito Bom
279,優遊吧斯股份有限公司yuyupas international corp.,Taiwan,台灣,7.75,7.67,7.5,7.75,7.75,7.67,10.0,10.0,10.0,83.83,Muito Bom
915,谷泉咖啡莊園,Taiwan,古坑鄉荷包村尖山坑60號,7.5,7.42,7.33,7.08,7.58,7.25,10.0,10.0,10.0,81.5,Muito Bom
1069,王秋金,Taiwan,taiwan,7.17,7.17,7.17,7.42,7.17,7.25,10.0,10.0,10.0,80.5,Muito Bom
1119,a shu she coffee 阿束社咖啡莊園,Taiwan,changhua baguashan 彰化市八卦山,7.25,7.25,7.25,7.0,7.25,7.08,10.0,10.0,10.0,80.08,Muito Bom
347,dragon coffee 龍咖啡,Taiwan,taichung xinshe 台中市新社區,7.75,7.75,7.75,7.75,7.5,7.58,10.0,10.0,10.0,83.58,Muito Bom
1031,savan coffee bean,Laos,"paksong,laos",7.42,7.33,7.17,7.17,7.17,7.25,10.0,10.0,10.0,80.83,Muito Bom
426,以勒咖啡,Taiwan,南投國姓,7.92,7.83,7.75,7.58,7.5,7.33,10.0,10.0,10.0,83.25,Muito Bom
618,伊娜咖啡莊園,Taiwan,嘉義阿里山,8.0,7.83,7.83,7.42,7.25,7.25,10.0,10.0,10.0,82.67,Muito Bom
1081,春風咖啡,Taiwan,南投國姓,7.58,7.17,7.17,7.17,7.17,7.17,10.0,10.0,10.0,80.42,Muito Bom
969,jia jia coffee 佳佳咖啡莊,Taiwan,nantou,7.5,7.5,7.25,7.25,7.25,7.25,10.0,10.0,10.0,81.25,Muito Bom
923,xu yuan zhang 徐源漳,Taiwan,taichung xinshe 台中市新社區,7.5,7.42,7.25,7.25,7.33,7.33,10.0,10.0,10.0,81.5,Muito Bom
1116,好自在咖啡莊園,Taiwan,苗栗泰安,7.42,7.25,7.25,7.17,7.0,7.0,10.0,10.0,10.0,80.08,Muito Bom
1027,bai he lin coffee 白鶴林咖啡莊園,Taiwan,nantou,7.25,7.17,7.08,7.08,7.08,8.08,10.0,10.0,10.0,80.92,Muito Bom
353,南投縣魚池鄉水社村中正路63-1號,Taiwan,,7.58,7.58,7.17,7.17,7.0,7.0,10.0,10.0,10.0,83.5,Muito Bom
380,日月潭文武莊園,Taiwan,,7.67,7.67,7.0,7.08,7.0,7.0,10.0,10.0,10.0,83.42,Muito Bom
1090,tokoffee莊園,Taiwan,taichung xinshe 台中市新社區,7.25,7.25,7.08,7.25,7.25,7.25,10.0,10.0,10.0,80.33,Muito Bom
770,song yue coffee 嵩岳咖啡,Taiwan,yunlin 雲林縣石壁,7.5,7.5,7.5,7.5,7.5,7.5,10.0,10.0,10.0,82.17,Muito Bom
1171,su-zhen huang 黃素真,Taiwan,nantou,6.92,7.0,7.17,7.0,7.42,7.0,10.0,10.0,10.0,79.5,Bom
722,yu jin gui 玉金櫃咖啡,Taiwan,taichung xinshe 台中市新社區,7.5,7.5,7.5,7.5,7.5,7.5,10.0,10.0,10.0,82.33,Muito Bom
743,guo xing ka fei wang 國姓咖啡王咖啡莊園,Taiwan,nantou,7.5,7.5,7.5,7.5,7.5,7.5,10.0,10.0,10.0,82.25,Muito Bom
488,alishan zou zhu yuan 阿里山鄒築園,Taiwan,chiayi alishan 嘉義縣阿里山鄉,7.75,7.75,7.5,7.5,7.5,7.5,10.0,10.0,10.0,83.08,Muito Bom
538,-,Ethiopia,"blida,kercha,guji,oromia",7.58,7.58,7.5,7.5,7.58,7.58,10.0,10.0,10.0,82.92,Muito Bom
270,神谷山莊園,Taiwan,台中和平區,8.0,7.92,7.92,7.92,7.67,7.33,10.0,10.0,10.0,83.92,Muito Bom
1050,胖胖糖,Taiwan,taiwan,7.33,7.08,7.08,7.08,7.42,7.33,10.0,10.0,10.0,80.67,Muito Bom
539,佐佑品咖啡莊園,Taiwan,台東太麻里,7.5,7.58,7.67,7.33,7.5,7.75,10.0,10.0,10.0,82.92,Muito Bom
508,雅慕伊,Taiwan,嘉義阿里山,7.92,7.92,7.83,7.58,7.33,7.25,10.0,10.0,10.0,83.0,Muito Bom
610,savan coffee bean,Laos,"paksong,laos",7.67,7.67,7.42,7.42,7.42,7.5,10.0,10.0,10.0,82.67,Muito Bom
1230,llano hermoso,Mexico,"xochitonalco, huautla        ",7.25,7.25,7.0,7.5,7.33,7.42,8.0,9.33,10.0,78.33,Bom
197,menglian county nayun town mangzhang coffee farm,China,yunnan,7.83,7.83,7.58,7.75,7.75,7.75,10.0,10.0,10.0,84.25,Muito Bom
448,chen lin,China,yunnan,7.5,7.67,7.33,7.67,7.67,7.67,10.0,10.0,10.0,83.17,Muito Bom
712,yun lan coffee co. ltd,China,xishuangbanna prefecture,7.5,7.58,7.42,7.5,7.42,7.42,10.0,10.0,10.0,82.33,Muito Bom
161,menglian ban’an coffee processing factory,China,yunnan,7.75,7.92,7.67,7.83,7.75,7.67,10.0,10.0,10.0,84.5,Muito Bom
449,yunnan success trade co.ltd,China,dehong prefecture,7.67,7.67,7.5,7.67,7.42,7.58,10.0,10.0,10.0,83.17,Muito Bom
591,man ganna estate,China,yunnan,7.67,7.5,7.33,7.33,7.67,7.67,10.0,10.0,10.0,82.75,Muito Bom
681,menglian gao sanlin coffee factory,China,yunnan,7.67,7.42,7.42,7.5,7.42,7.42,10.0,10.0,10.0,82.42,Muito Bom
592,pu'er lingdu yunlin coffee co.ltd,China,menglian,7.5,7.67,7.42,7.67,7.5,7.5,10.0,10.0,10.0,82.75,Muito Bom
301,pu’er specialty coffee cupping center,China,yunnan,7.83,7.75,7.67,7.5,7.58,7.67,10.0,10.0,10.0,83.75,Muito Bom
339,menglian mang pan professional cooperative,China,yunnan,7.67,7.58,7.58,7.58,7.67,7.75,10.0,10.0,10.0,83.58,Muito Bom
76,pu'er city longke coffee co.ltd,China,yunnan,8.0,8.0,8.0,7.83,7.83,7.75,10.0,10.0,10.0,85.33,Excelente
19,echo coffee,China,yunnan,8.42,8.25,8.08,8.17,7.92,8.0,10.0,10.0,10.0,87.25,Excelente
989,cafetales santa matilde,Nicaragua,jinotega,7.33,7.33,7.33,7.42,7.33,7.33,10.0,10.0,10.0,81.08,Muito Bom
1170,las nubes,Nicaragua,jinotega,6.92,6.92,7.0,7.42,7.25,7.0,10.0,10.0,10.0,79.5,Bom
1216,,Nicaragua,,6.83,7.08,6.92,6.75,7.25,7.08,10.0,10.0,10.0,78.58,Bom
1107,los mesones,Nicaragua,jinotega,7.17,7.08,7.08,7.33,7.25,7.08,10.0,10.0,10.0,80.17,Muito Bom
1100,finca el consuelo,Nicaragua,matagalpa,7.08,6.92,7.0,7.25,7.5,7.25,10.0,10.0,10.0,80.25,Muito Bom
1142,asociación aldea global jinotega,Nicaragua,jinotega,6.83,7.17,7.17,6.92,7.5,7.08,10.0,10.0,10.0,79.83,Bom
1041,cafetales santa matilde,Nicaragua,jinotega,7.25,7.25,7.17,7.25,7.33,7.25,10.0,10.0,10.0,80.75,Muito Bom
965,cafetales santa matilde,Nicaragua,jinotega,7.08,7.5,7.33,7.17,7.42,7.25,10.0,10.0,10.0,81.25,Muito Bom
#114041,竹崙子莊園,Taiwan,新北市,7.83,7.92,7.83,7.58,7.58,7.67,10.0,10.0,10.0,84.08,Muito Bom
#934594,拉拉山祖嵐咖啡莊園,Taiwan,桃園市,7.5,7.58,7.42,7.42,7.25,7.42,10.0,10.0,10.0,82.0,Muito Bom
#105052,好客農埸,Taiwan,苗栗縣,7.33,7.42,7.42,7.5,7.42,7.5,10.0,10.0,10.0,82.08,Muito Bom
#526397,棒棒有機農場,Taiwan,苗栗縣,7.75,7.75,7.58,7.67,7.42,7.5,10.0,10.0,10.0,83.25,Muito Bom
#211361,銅鏡莊園,Taiwan,苗栗縣,7.67,7.67,7.42,7.42,7.42,7.5,10.0,10.0,10.0,82.58,Muito Bom
#547819,弘欣咖啡園,Taiwan,新竹縣,7.42,7.42,7.58,7.42,7.58,7.5,10.0,10.0,10.0,82.5,Muito Bom
#663913,阿拉思家,Taiwan,桃園市,7.25,7.42,7.42,7.5,7.42,7.42,10.0,10.0,10.0,81.83,Muito Bom
#348647,金暖農場,Taiwan,桃園市,7.5,7.67,7.33,7.5,7.25,7.33,10.0,10.0,10.0,82.08,Muito Bom
#541397,北平山林,Taiwan,新竹縣,8.0,8.0,7.75,7.75,7.67,7.75,10.0,10.0,10.0,84.83,Muito Bom
#760524,苗55咖啡莊園,Taiwan,苗栗縣,7.75,7.92,7.83,7.75,7.75,7.75,10.0,10.0,10.0,84.5,Muito Bom
#531106,橫鹿,Taiwan,新北市,7.42,7.5,7.33,7.33,7.33,7.33,10.0,10.0,10.0,81.58,Muito Bom
#599652,六曲窩,Taiwan,新竹縣,7.92,7.92,7.83,7.83,7.75,7.83,10.0,10.0,10.0,84.92,Muito Bom
#744798,正源咖啡,Taiwan,新竹縣,7.58,7.67,7.5,7.75,7.75,7.67,10.0,10.0,10.0,83.58,Muito Bom
#127584,恆珊農場,Taiwan,新竹縣,7.58,7.75,7.67,7.83,7.5,7.67,10.0,10.0,10.0,83.67,Muito Bom
#150681,宋明光	蝙蝠洞莊園	蝙蝠洞莊園,Taiwan,新竹縣,7.58,7.75,7.58,7.75,7.58,7.67,10.0,10.0,10.0,83.58,Muito Bom
#748900,迎曦山丘,Taiwan,苗栗縣,7.67,7.67,7.5,7.58,7.58,7.5,10.0,10.0,10.0,83.17,Muito Bom
#142692,寶山謐靚,Taiwan,新竹縣,7.67,7.58,7.42,7.5,7.33,7.42,10.0,10.0,10.0,82.33,Muito Bom
#764728,蜜多莊園,Taiwan,新竹縣,7.75,7.75,7.5,7.75,7.5,7.42,10.0,10.0,10.0,83.17,Muito Bom
#240429,羅馬8號莊園,Taiwan,新竹縣,7.83,7.83,7.75,7.75,7.75,7.75,10.0,10.0,10.0,84.58,Muito Bom
#918443,四分子道,Taiwan,新竹縣,7.58,7.67,7.5,7.75,7.5,7.58,10.0,10.0,10.0,83.33,Muito Bom
#128172,木華莊園,Taiwan,桃園市,7.58,7.67,7.58,7.75,7.42,7.58,10.0,10.0,10.0,83.33,Muito Bom
#553743,大屯29莊園,Taiwan,臺北市,7.33,7.5,7.42,7.33,7.33,7.25,10.0,10.0,10.0,81.5,Muito Bom
#725808,香夾蘭莊園,Taiwan,苗栗縣,8.0,7.92,7.67,8.0,7.75,7.83,10.0,10.0,10.0,85.08,Excelente
#895349,掬香園,Taiwan,苗栗縣,7.67,7.58,7.42,7.42,7.5,7.5,10.0,10.0,10.0,82.58,Muito Bom
#405157,樹橋窩莊園,Taiwan,新竹縣,7.5,7.67,7.58,7.58,7.5,7.5,10.0,10.0,10.0,82.92,Muito Bom
#443473,古峰咖啡莊園 Goodfun Coffee Farm,Taiwan,Yunlin,8.08,8.0,8.08,8.08,8.0,8.0,10.0,10.0,10.0,86.25,Excelente
#439097,917農場 (917 Farm),Taiwan,玉里鎮Yuli Township,8.08,7.92,7.75,7.83,7.5,7.58,10.0,10.0,10.0,84.5,Muito Bom
#695532,雅慕伊咖啡莊園,Taiwan,Chiayi,8.08,7.83,7.67,7.67,7.67,7.75,10.0,10.0,10.0,84.58,Muito Bom
#693585,La Gallera,Colombia,Tolima,7.67,7.92,7.67,7.58,7.67,7.67,10.0,10.0,10.0,83.75,Muito Bom
#655504,La Gaitania,Colombia,tolima,8.08,8.0,8.08,7.92,8.08,8.0,10.0,10.0,10.0,86.17,Excelente
#125800,Aromatic,Myanmar,South Shan State,7.83,7.83,7.67,7.58,7.58,7.58,10.0,10.0,10.0,83.67,Muito Bom
#434200,香香久溢咖啡莊園,Taiwan,Chiayi,7.75,7.92,7.67,7.92,7.75,7.83,8.67,10.0,10.0,83.42,Muito Bom
#529473,finca de la casa,Honduras,"San Andrés, Lempira",7.75,7.75,7.75,7.67,7.75,7.67,10.0,10.0,10.0,84.0,Muito Bom
#709384,MULTIPLE SMALLHOLDER FARMS,Guatemala,Antigua,7.33,7.42,7.33,7.42,7.58,7.42,10.0,10.0,10.0,81.92,Muito Bom
#940597,大鋤花間(Dachu Coffee Estate),Taiwan,"( Dongshan Dist., Tainan City)",8.17,7.83,7.67,7.83,7.67,7.67,10.0,10.0,10.0,84.58,Muito Bom
#275886,More than one,Colombia,Santander,7.33,7.5,7.33,7.42,7.42,7.42,10.0,10.0,10.0,81.75,Muito Bom
#448890,Fazenda Olhos Dagua,Brazil,Sul de Minas,7.42,7.5,7.58,7.33,7.33,7.25,10.0,10.0,10.0,81.75,Muito Bom
#451085,Finca Aurora,Nicaragua,"Matagalpa, Nicaragua",7.58,7.58,7.42,7.42,7.5,7.5,10.0,10.0,10.0,82.42,Muito Bom
#917199,MI CAFECITO & LA PROVIDENCIA,Guatemala,NEW ORIENTE & HUEHUETENANGO,7.5,7.75,7.58,7.75,7.67,7.58,10.0,10.0,10.0,83.33,Muito Bom
#876726,Las Trincheras,Mexico,Veracruz,7.67,7.42,7.5,7.5,7.67,7.42,10.0,10.0,10.0,82.5,Muito Bom
#126358,Karen Acajabon Coffee Farm,Guatemala,Acatenango,8.08,8.0,8.0,7.75,8.25,8.17,10.0,10.0,10.0,86.25,Excelente
#625390,Doi Lan,Thailand,Chiang Rai,7.42,7.25,7.33,7.42,7.33,7.33,10.0,10.0,10.0,81.33,Muito Bom
#874548,嵐雲綠海咖啡,Taiwan,台灣屏東,7.92,8.08,7.67,7.92,7.67,7.75,10.0,10.0,10.0,84.75,Muito Bom
#994657,八一高地,Taiwan,台灣屏東,8.0,8.08,7.67,7.75,7.92,7.83,10.0,10.0,10.0,85.08,Excelente
#948279,仲大叔咖啡莊園Uncle Chung.s Coffee Farm,Taiwan,卓溪鄉Zhuoxi Township,8.08,8.0,7.92,7.92,8.0,7.83,10.0,10.0,10.0,85.67,Excelente
#736196,卓武山咖啡農場,Taiwan,Chiayi,8.0,7.92,7.83,7.92,7.83,7.83,10.0,10.0,10.0,85.25,Excelente
#888419,嵩岳咖啡莊園,Taiwan,Yunlin,8.17,8.08,7.92,8.0,7.58,7.83,10.0,10.0,10.0,85.5,Excelente
#389965,鄉庭有機農場Siang-Ting Organic Farm,Taiwan,壽豐鄉Shoufeng Township,8.0,8.0,7.83,7.83,7.75,7.92,10.0,10.0,10.0,85.42,Excelente
#778206,鄉庭有機農場Siang-Ting Organic Farm,Taiwan,壽豐鄉Shoufeng Township,7.92,8.0,7.83,7.92,7.83,7.83,10.0,10.0,10.0,85.33,Excelente
#952428,愛姬咖啡莊園iGfarm,Taiwan,壽豐鄉Shoufeng Township,7.92,8.0,7.92,8.0,7.58,7.75,10.0,10.0,10.0,85.0,Excelente
#852126,東泓咖啡莊園,Taiwan,Yunlin,7.75,7.83,7.58,7.58,7.58,7.5,10.0,10.0,10.0,83.33,Muito Bom
#717129,鄒築園ZouZhouYuan,Taiwan,Chiayi,7.92,7.92,8.0,7.92,7.83,7.92,10.0,10.0,10.0,85.5,Excelente
#978770,Finca Vista Hermosa,Guatemala,"Guatemala, Fraijanes, Santa Rosa",8.0,7.92,8.08,7.92,7.75,8.0,10.0,10.0,10.0,85.75,Excelente
#197220,御香咖啡園 YU SIANG Coffee Estate,Taiwan,"Dongshan Dist., Tainan City",8.25,8.08,7.83,7.75,7.67,7.75,10.0,10.0,10.0,85.25,Excelente
#187142,various farms,United States (Hawaii),Ka'u,7.67,7.92,7.58,7.58,7.58,7.75,10.0,10.0,10.0,83.83,Muito Bom
#699883,優遊吧斯瑪翡咖啡莊園,Taiwan,Chiayi,7.83,7.83,7.67,7.67,7.83,8.0,10.0,10.0,10.0,84.83,Muito Bom
#797281,CupnCare,Vietnam,Quang Tri,8.0,7.83,7.75,7.67,7.58,7.83,10.0,10.0,10.0,84.58,Muito Bom
#194737,La Colina,Guatemala,Chimaltenango,8.33,8.33,8.25,7.83,7.83,8.17,10.0,10.0,10.0,87.0,Excelente
#295641,Kainaliu Farm,United States (Hawaii),Kona,7.33,7.58,7.5,7.5,7.5,7.58,10.0,10.0,10.0,82.5,Muito Bom
#864968,AMA EL AROMA Micro lot - Sunrise,Costa Rica,west Villege,7.33,7.5,7.25,7.92,7.75,7.58,10.0,10.0,10.0,82.75,Muito Bom
#231917,皇庭咖啡莊園,Taiwan,Yunlin,7.83,8.0,7.5,7.75,7.75,7.75,10.0,10.0,10.0,84.42,Muito Bom
#680765,Ruya Yayu Farm,Peru,Villa Rica,8.0,8.0,7.83,7.83,7.58,7.83,10.0,10.0,10.0,84.83,Muito Bom
#462111,野牡丹咖啡莊園 Melastoma Coffee Estate,Taiwan,Chiayi,8.33,8.17,8.08,8.0,7.83,8.25,10.0,10.0,10.0,86.92,Excelente
#988330,元富咖啡莊園,Taiwan,Yunlin,7.92,7.75,7.67,7.75,7.75,8.0,9.33,10.0,10.0,84.08,Muito Bom
#460896,OKLAO coffee farms,Laos,Laos Borofen Plateau,8.33,8.42,8.08,8.17,7.92,8.17,10.0,10.0,10.0,87.42,Excelente
#489089,Miranda's Farm,United States (Hawaii),Ka'u district of Big Island,7.92,7.83,7.75,7.92,7.5,7.67,10.0,10.0,10.0,84.33,Muito Bom
#741300,他扶芽有機農園,Taiwan,Chiayi,8.0,8.0,8.0,7.92,7.75,7.92,10.0,10.0,10.0,85.5,Excelente
#814258,La Bendicion,Honduras,"Marcala, La Paz",7.67,7.75,7.67,7.58,7.5,7.58,10.0,10.0,10.0,83.25,Muito Bom
#458680,森悅高峰咖啡莊園,Taiwan,Nantou,7.67,7.92,7.92,7.83,7.75,7.83,10.0,10.0,10.0,84.75,Muito Bom
#531918,Royal Bean Geisha Estate,Taiwan,Chiayi,8.5,8.5,7.92,8.0,7.92,8.25,10.0,10.0,10.0,87.58,Excelente
#894623,金讚咖啡農莊園(Jinzan Coffee Estate),Taiwan,"Dongshan Dist., Tainan City",8.08,8.17,7.67,7.83,7.67,7.92,10.0,10.0,10.0,85.33,Excelente
#203399,San Nicolas,El Salvador,Chalatenango,7.83,7.83,7.83,7.83,7.67,7.67,10.0,10.0,10.0,84.33,Muito Bom
#917862,名陽園,Taiwan,Chiayi,7.83,8.0,7.67,7.75,7.67,7.75,10.0,10.0,10.0,84.58,Muito Bom
#829336,Hokukano Ranch,United States (Hawaii),Kona,8.0,7.92,8.0,7.83,7.67,8.0,10.0,10.0,10.0,85.42,Excelente
#903758,El Morito,Guatemala,New Oriente,7.83,7.83,7.58,7.67,7.67,7.58,10.0,10.0,10.0,83.92,Muito Bom
#494650,青葉咖啡莊園,Taiwan,Chiayi,8.17,8.08,8.0,7.92,8.0,7.92,10.0,10.0,10.0,86.08,Excelente
#280251,青山坪咖啡農場,Taiwan,Yunlin,8.17,8.08,7.83,7.67,7.67,7.75,10.0,10.0,10.0,85.0,Excelente
#918509,七彩琉璃咖啡莊園 Chi Tsai Liu Li Ecological Farm,Taiwan,Chiayi,8.25,8.25,8.17,8.0,7.92,8.08,10.0,10.0,10.0,86.75,Excelente
#127725,永舜咖啡莊園,Taiwan,Yunlin,7.83,8.0,7.92,8.0,8.0,7.92,10.0,10.0,10.0,85.58,Excelente
#546930,花蓮縣秀林鄉特用作物（咖啡）產銷第一班Agriculture Production and Marketing Groups of Hualien Shlin township special crop (coffee) 1st class,Taiwan,秀林鄉Show Linxia Township,8.0,7.92,7.83,7.92,7.75,7.75,10.0,10.0,10.0,85.08,Excelente
#154686,Maria Bonita,Honduras,"San Jose, La Paz",7.67,7.67,7.58,7.75,7.67,7.67,10.0,10.0,10.0,83.67,Muito Bom
#886281,Manny's Farm,United States (Hawaii),Kona district of Big Island,7.75,7.42,7.33,7.5,7.33,7.5,10.0,10.0,10.0,82.17,Muito Bom
#740616,亮軒咖啡莊園 Liang Xuan Coffee Farm,Taiwan,Chiayi,8.08,8.08,8.25,8.08,7.92,8.0,10.0,10.0,10.0,86.67,Excelente
#913173,El Laurel,Colombia,Sierra Nevada de Santa Marta,7.67,7.67,7.42,7.75,7.5,7.75,10.0,10.0,10.0,83.33,Muito Bom
#928398,Hom Doi,Thailand,Chiang Mai,7.67,8.0,7.83,8.0,8.08,8.0,10.0,10.0,10.0,85.67,Excelente
#470272,Doi Tung Development Project,Thailand,North of Thailand,7.17,7.92,7.58,7.5,7.58,7.67,10.0,10.0,10.0,82.83,Muito Bom
#275002,Doi Tung Development Project,Thailand,North of Thailand,7.42,7.83,7.58,7.67,7.67,7.75,10.0,10.0,10.0,83.5,Muito Bom
#201057,Doi Tung Development Project,Thailand,North of Thailand,7.92,7.92,7.75,7.33,7.58,7.5,10.0,10.0,10.0,83.33,Muito Bom
#126973,Doi Tung Development Project,Thailand,North of Thailand,7.25,7.25,7.42,7.25,7.42,7.42,10.0,10.0,10.0,81.17,Muito Bom
#223636,Doi Tung Development Project,Thailand,North of Thailand,7.33,7.42,7.25,7.33,7.5,7.42,10.0,10.0,10.0,81.42,Muito Bom
#146278,Doi Tung Development Project,Thailand,North of Thailand,7.33,7.58,7.58,7.5,7.67,7.67,10.0,10.0,10.0,82.67,Muito Bom
#175322,Doi Tung Development Project,Thailand,North of Thailand,7.17,7.5,7.42,7.42,7.58,7.5,10.0,10.0,10.0,82.0,Muito Bom
#772299,MASEREKA,Uganda,RWENZORI,7.58,7.42,7.33,7.33,7.5,7.33,10.0,10.0,10.0,81.83,Muito Bom
#677657,Bugisu Shamba,Uganda,Mt Elgon,7.75,7.75,7.5,7.5,7.58,7.58,10.0,10.0,10.0,83.42,Muito Bom
#261460,Gideon Kule,Uganda,Rwenzori,8.0,7.92,7.75,7.75,7.75,7.92,10.0,10.0,10.0,85.0,Excelente
#989481,Masereka William,Uganda,Rwenzori,7.75,7.67,7.58,7.5,7.67,7.5,10.0,10.0,10.0,83.33,Muito Bom
#794972,Finca Las Dos Marias,Nicaragua,ESTELI,7.5,7.58,7.42,7.58,7.5,7.58,10.0,10.0,10.0,82.58,Muito Bom
#210044,Finca Las Dos Marias,Nicaragua,ESTELI,7.92,7.75,7.67,7.67,7.83,7.75,10.0,10.0,10.0,84.58,Muito Bom
#249591,Ea tan Cooperative,Vietnam,"Eatan Commune, Krong Nang District, Krong Nang Province",7.58,7.42,7.58,7.5,7.67,7.75,10.0,10.0,10.0,82.83,Muito Bom
#539926,Apollo Estate,Vietnam,Dalat,7.5,7.5,7.33,7.5,7.5,7.42,10.0,10.0,10.0,82.33,Muito Bom
#826756,Sajonia Estate Coffee S.A.,Nicaragua,Jinotega,7.42,7.17,7.0,7.08,7.42,7.17,10.0,10.0,10.0,80.42,Muito Bom
#723401,Finca San Felipe,Nicaragua,Matagalpa,7.33,7.08,6.75,7.17,7.42,7.17,10.0,10.0,10.0,80.0,Muito Bom
#995570,Finca San Felipe,Nicaragua,Matagalpa,7.33,7.58,7.25,7.33,7.75,8.17,10.0,10.0,10.0,82.75,Muito Bom
#370112,Kevin Coffee,Thailand,Chiang Mai,7.5,7.58,7.5,7.42,7.5,7.58,10.0,10.0,10.0,82.67,Muito Bom
#984405,Finca Custepec,Mexico,Chiapas,7.67,7.67,7.58,7.67,7.83,7.58,10.0,10.0,10.0,83.75,Muito Bom
#587946,Finca San José,Mexico,"Coatepec, Veracruz",7.58,7.42,7.25,7.25,7.5,7.33,10.0,10.0,10.0,81.67,Muito Bom
#300720,Finca Tequihua,Mexico,"ZONGOLICA, VERACRUZ",7.75,7.5,7.42,7.67,7.58,7.5,10.0,10.0,10.0,82.92,Muito Bom
#791934,Ecom Agroindustrial,Ethiopia,Sidama,8.0,7.75,7.5,7.67,7.67,7.67,10.0,10.0,10.0,84.0,Muito Bom
#233123,TADE GG,Ethiopia,Guji,8.08,8.25,8.0,8.08,7.92,7.92,10.0,10.0,10.0,86.25,Excelente
#217253,-,Laos,Bolaven Plateau,7.25,7.17,7.08,7.0,7.08,7.08,10.0,10.0,10.0,79.67,Bom
#153864,Various farm,Brazil,Alta Mogiana-Ibiraci,7.42,7.42,7.25,7.25,7.17,7.25,10.0,10.0,10.0,81.0,Muito Bom
#420582,Various farm,Brazil,Alta Mogiana-Ibiraci,7.25,7.17,7.17,7.08,7.17,7.17,10.0,10.0,10.0,80.17,Muito Bom
#849802,,Colombia,Pereira,7.67,7.75,7.67,7.75,7.67,7.67,10.0,10.0,10.0,83.83,Muito Bom
#656152,Not Specificated,Guatemala,Oriente,7.42,7.42,7.42,7.33,7.5,7.42,10.0,10.0,10.0,82.0,Muito Bom
#508075,Fazenda Guariroba,Brazil,Campo das Vertentes,7.83,7.92,7.75,7.92,7.67,7.83,10.0,10.0,10.0,84.75,Muito Bom
#707378,EXPORTADORA ATLANTIC S.A,Nicaragua,,7.25,7.25,7.17,7.33,7.08,7.25,10.0,10.0,10.0,80.5,Muito Bom
#946237,Alex's station,Philippines,Philippines,7.67,7.58,7.5,7.67,7.58,7.58,10.0,10.0,10.0,83.17,Muito Bom
#989796,Federación Nacional de Cafeteros de Colombia,Colombia,Huila,7.58,7.67,7.58,7.5,7.33,7.5,10.0,10.0,10.0,82.67,Muito Bom
#242592,Fundo La Libertad,Peru,"Chanchamayo, Lamerced",7.5,7.25,7.17,7.17,7.17,7.08,10.0,10.0,10.0,80.33,Muito Bom
#958749,Fundo La Libertado,Peru,"Chanchamayo, La Merced",7.67,7.5,7.33,7.58,7.33,7.42,10.0,10.0,10.0,82.25,Muito Bom
#571059,Fundo La Libertad,Peru,"Chanchamayo, La Merced",7.5,7.5,7.33,7.5,7.33,7.33,10.0,10.0,10.0,81.92,Muito Bom
#586625,"Lintong Nihuta/Dolok Sanggul,Sumatera Utara",Indonesia,"Lintong Nihuta/Dolok Sanggul,Sumatera Utara",7.67,7.67,7.83,7.83,7.67,7.75,10.0,10.0,10.0,84.25,Muito Bom
#741289,La Cumbre,Costa Rica,"Los Santos,Tarrazu",7.75,7.83,7.67,7.83,7.75,7.75,10.0,10.0,10.0,84.5,Muito Bom
#801129,Sitio Colinas,Brazil,Mantiquira de minas,7.5,7.5,7.42,7.33,7.33,7.33,10.0,10.0,10.0,81.83,Muito Bom
#279151,Baan San Charoen,Thailand,Nan,7.75,7.67,7.58,7.75,7.75,7.67,10.0,10.0,10.0,83.92,Muito Bom
#483718,Finca Mallorca,Colombia,"Caicedonia,Valle del Cauca",7.25,7.25,7.17,7.33,7.0,7.17,10.0,10.0,10.0,80.42,Muito Bom
#300209,Escalera,Colombia,Cauca,7.42,7.25,7.25,7.42,7.17,7.33,10.0,10.0,10.0,81.17,Muito Bom
#735285,Doi Nan,Thailand,Suan Ya Lung,7.67,7.67,7.5,7.67,7.58,7.67,10.0,10.0,10.0,83.42,Muito Bom
#138975,Buenos Aires,Colombia,Quindio,7.67,7.67,7.58,7.67,7.58,7.58,10.0,10.0,10.0,83.25,Muito Bom
#877064,La Cumbre,Costa Rica,"Los Santos,Tarrazu",8.08,8.17,8.17,8.25,8.17,8.08,10.0,10.0,10.0,87.17,Excelente
#367114,El Diamante,Colombia,Quindio,8.08,8.0,7.83,8.17,7.75,7.83,10.0,10.0,10.0,85.67,Excelente
#270359,Finca Santuario,Colombia,"Popayan,Cauca",8.33,8.33,8.08,8.25,7.92,7.92,10.0,10.0,10.0,87.08,Excelente
#261473,Finca El Paraiso,Colombia,"Piendamo,Cauca",8.58,8.5,8.42,8.58,8.25,8.42,10.0,10.0,10.0,89.33,Excelente
#824584,Kenyan Highlands,Kenya,Kericho,7.5,7.5,7.42,7.5,7.25,7.5,10.0,10.0,10.0,82.17,Muito Bom
#638524,Halo Bariti Cooprative,Ethiopia,"Gedeb,Yirgacheffe,Sidamo",8.17,8.08,7.92,8.17,7.75,7.92,10.0,10.0,10.0,86.08,Excelente
#689252,La Argentina,Colombia,Quindio,7.58,7.5,7.5,7.67,7.58,7.5,10.0,10.0,10.0,82.92,Muito Bom
#947066,YHAENU PLC FARM,Ethiopia,OROMIA,7.42,7.42,7.42,8.0,7.92,7.67,10.0,10.0,10.0,83.5,Muito Bom
#423394,YHAENU PLC FARM,Ethiopia,OROMIA,7.92,7.75,7.83,8.17,8.0,7.75,10.0,10.0,10.0,85.25,Excelente
#241548,Gelana Geisha,Ethiopia,Guji,7.67,8.17,8.0,8.33,8.0,8.0,10.0,10.0,10.0,86.17,Excelente
#510790,Bisrat Melaku Washing Station,Ethiopia,Addis Ababa,7.83,7.75,7.58,7.92,8.0,7.5,10.0,10.0,10.0,84.33,Muito Bom
#611011,Uraga Bisrat washing station,Ethiopia,Southern Ethiopia Guji,8.0,8.08,8.0,8.0,7.67,7.75,10.0,10.0,10.0,85.33,Excelente
#917098,Eshetu farm,Ethiopia,Oromia,7.67,7.83,7.83,8.0,8.0,8.0,10.0,10.0,10.0,85.33,Excelente
#106719,Nongluang Bolaven Plateau,Laos,"Nongluang Bolaven Plateau, Champasack, Lao PDR",7.67,7.75,7.33,7.67,7.58,7.5,10.0,10.0,10.0,83.08,Muito Bom
